candidate,family,cycle_id,building_id,review_day,as_of_date,actual_g,predicted_g,error_g
historical_remaining_gain,baseline,2025-2,Tags 1,14,2025-04-11,1573.0,1582.9792857142857,9.979285714285652
historical_remaining_gain,baseline,2025-2,Tags 2,14,2025-04-11,1599.0,1588.9792857142857,-10.020714285714348
historical_remaining_gain,baseline,2025-2,Tags 3,14,2025-04-11,1544.0,1588.9792857142857,44.97928571428565
historical_remaining_gain,baseline,2025-3,Lags 1,14,2025-07-23,1479.9999999999998,1498.6042307692308,18.60423076923098
historical_remaining_gain,baseline,2025-3,Lags 2,14,2025-07-29,1554.0,1453.1042307692308,-100.89576923076925
historical_remaining_gain,baseline,2025-3,Tags 1,14,2025-06-27,1477.24,1520.6842307692307,43.44423076923067
historical_remaining_gain,baseline,2025-3,Tags 2,14,2025-06-27,1490.24,1538.6642307692307,48.42423076923069
historical_remaining_gain,baseline,2025-3,Tags 3,14,2025-06-27,1582.1,1559.3342307692308,-22.765769230769138
historical_remaining_gain,baseline,2025-4,Lags 1,14,2025-10-10,1568.0,1481.3961538461538,-86.60384615384623
historical_remaining_gain,baseline,2025-4,Lags 2,14,2025-10-10,1594.0,1489.3961538461538,-104.60384615384623
historical_remaining_gain,baseline,2025-4,Tags 1,14,2025-09-09,1441.5,1462.1961538461537,20.69615384615372
historical_remaining_gain,baseline,2025-4,Tags 2,14,2025-09-09,1450.0400000000002,1501.8961538461538,51.856153846153575
historical_remaining_gain,baseline,2025-4,Tags 3,14,2025-09-09,1293.1200000000001,1500.6361538461538,207.51615384615366
historical_remaining_gain,baseline,2025-5,Lags 1,14,2025-12-24,1306.0,1440.7767999999999,134.77679999999987
historical_remaining_gain,baseline,2025-5,Lags 2,14,2025-12-31,1176.0,1392.7767999999999,216.77679999999987
historical_remaining_gain,baseline,2025-5,Lags 3,14,2026-01-09,1182.0,1405.7767999999999,223.77679999999987
historical_remaining_gain,baseline,2025-5,Tags 1,14,2025-11-25,1702.0,1472.7767999999999,-229.22320000000013
historical_remaining_gain,baseline,2025-5,Tags 2,14,2025-11-25,1776.0,1500.7767999999999,-275.22320000000013
historical_remaining_gain,baseline,2025-5,Tags 3,14,2025-11-25,1738.0,1488.7767999999999,-249.22320000000013
historical_remaining_gain,baseline,2026-1,Lags 1,14,2026-03-19,1605.9999999999998,1514.7248000000002,-91.27519999999959
historical_remaining_gain,baseline,2026-1,Lags 2,14,2026-03-27,1972.0000000000002,1590.2448000000002,-381.75520000000006
historical_remaining_gain,baseline,2026-1,Lags 3,14,2026-04-03,1691.4399999999998,1424.7448000000002,-266.69519999999966
historical_remaining_gain,baseline,2026-1,Tags 1,14,2026-02-13,1446.68,1540.2048000000002,93.52480000000014
historical_remaining_gain,baseline,2026-1,Tags 2,14,2026-02-13,1550.16,1496.2448000000002,-53.91519999999991
historical_remaining_gain,baseline,2026-1,Tags 3,14,2026-02-13,1691.4399999999998,1514.7248000000002,-176.71519999999964
historical_remaining_gain,baseline,2026-2,Lags 1,14,2026-06-15,1192.0,1482.9052,290.9051999999999
historical_remaining_gain,baseline,2026-2,Lags 2,14,2026-06-23,1204.0,1445.9052,241.90519999999992
historical_remaining_gain,baseline,2026-2,Lags 3,14,2026-06-29,1078.0,1410.4052,332.4051999999999
historical_remaining_gain,baseline,2026-2,Tags 1,14,2026-05-02,1360.0,1516.1652,156.1651999999999
historical_remaining_gain,baseline,2026-2,Tags 2,14,2026-05-02,1556.2800000000002,1510.2451999999998,-46.03480000000036
historical_remaining_gain,baseline,2026-2,Tags 3,14,2026-05-02,1564.0,1514.7952,-49.20479999999998
target_gap_preserving,target_gain,2025-2,Tags 1,14,2025-04-11,1573.0,1758.0,185.0
target_gap_preserving,target_gain,2025-2,Tags 2,14,2025-04-11,1599.0,1764.0,165.0
target_gap_preserving,target_gain,2025-2,Tags 3,14,2025-04-11,1544.0,1764.0,220.0
target_gap_preserving,target_gain,2025-3,Lags 1,14,2025-07-23,1479.9999999999998,1675.5,195.50000000000023
target_gap_preserving,target_gain,2025-3,Lags 2,14,2025-07-29,1554.0,1630.0,76.0
target_gap_preserving,target_gain,2025-3,Tags 1,14,2025-06-27,1477.24,1697.58,220.33999999999992
target_gap_preserving,target_gain,2025-3,Tags 2,14,2025-06-27,1490.24,1715.56,225.31999999999994
target_gap_preserving,target_gain,2025-3,Tags 3,14,2025-06-27,1582.1,1736.23,154.1300000000001
target_gap_preserving,target_gain,2025-4,Lags 1,14,2025-10-10,1568.0,1655.0,87.0
target_gap_preserving,target_gain,2025-4,Lags 2,14,2025-10-10,1594.0,1663.0,69.0
target_gap_preserving,target_gain,2025-4,Tags 1,14,2025-09-09,1441.5,1635.8,194.29999999999995
target_gap_preserving,target_gain,2025-4,Tags 2,14,2025-09-09,1450.0400000000002,1675.5,225.4599999999998
target_gap_preserving,target_gain,2025-4,Tags 3,14,2025-09-09,1293.1200000000001,1674.24,381.1199999999999
target_gap_preserving,target_gain,2025-5,Lags 1,14,2025-12-24,1306.0,1623.0,317.0
target_gap_preserving,target_gain,2025-5,Lags 2,14,2025-12-31,1176.0,1575.0,399.0
target_gap_preserving,target_gain,2025-5,Lags 3,14,2026-01-09,1182.0,1588.0,406.0
target_gap_preserving,target_gain,2025-5,Tags 1,14,2025-11-25,1702.0,1655.0,-47.0
target_gap_preserving,target_gain,2025-5,Tags 2,14,2025-11-25,1776.0,1683.0,-93.0
target_gap_preserving,target_gain,2025-5,Tags 3,14,2025-11-25,1738.0,1671.0,-67.0
target_gap_preserving,target_gain,2026-1,Lags 1,14,2026-03-19,1605.9999999999998,1719.48,113.48000000000025
target_gap_preserving,target_gain,2026-1,Lags 2,14,2026-03-27,1972.0000000000002,1795.0,-177.00000000000023
target_gap_preserving,target_gain,2026-1,Lags 3,14,2026-04-03,1691.4399999999998,1629.5,-61.93999999999983
target_gap_preserving,target_gain,2026-1,Tags 1,14,2026-02-13,1446.68,1744.96,298.28
target_gap_preserving,target_gain,2026-1,Tags 2,14,2026-02-13,1550.16,1701.0,150.83999999999992
target_gap_preserving,target_gain,2026-1,Tags 3,14,2026-02-13,1691.4399999999998,1719.48,28.04000000000019
target_gap_preserving,target_gain,2026-2,Lags 1,14,2026-06-15,1192.0,1629.5,437.5
target_gap_preserving,target_gain,2026-2,Lags 2,14,2026-06-23,1204.0,1592.5,388.5
target_gap_preserving,target_gain,2026-2,Lags 3,14,2026-06-29,1078.0,1557.0,479.0
target_gap_preserving,target_gain,2026-2,Tags 1,14,2026-05-02,1360.0,1662.76,302.76
target_gap_preserving,target_gain,2026-2,Tags 2,14,2026-05-02,1556.2800000000002,1656.84,100.55999999999972
target_gap_preserving,target_gain,2026-2,Tags 3,14,2026-05-02,1564.0,1661.39,97.3900000000001
direct_extra_trees_growth,extra_trees,2025-2,Tags 1,14,2025-04-11,1573.0,1594.187710495143,21.187710495142937
direct_extra_trees_growth,extra_trees,2025-2,Tags 2,14,2025-04-11,1599.0,1597.2530365148646,-1.7469634851354385
direct_extra_trees_growth,extra_trees,2025-2,Tags 3,14,2025-04-11,1544.0,1594.4503676115453,50.45036761154529
direct_extra_trees_growth,extra_trees,2025-3,Lags 1,14,2025-07-23,1479.9999999999998,1556.56911080758,76.56911080758027
direct_extra_trees_growth,extra_trees,2025-3,Lags 2,14,2025-07-29,1554.0,1460.241577446482,-93.7584225535179
direct_extra_trees_growth,extra_trees,2025-3,Tags 1,14,2025-06-27,1477.24,1581.833291641932,104.59329164193196
direct_extra_trees_growth,extra_trees,2025-3,Tags 2,14,2025-06-27,1490.24,1586.1422463413057,95.90224634130573
direct_extra_trees_growth,extra_trees,2025-3,Tags 3,14,2025-06-27,1582.1,1600.2824317873535,18.182431787353607
direct_extra_trees_growth,extra_trees,2025-4,Lags 1,14,2025-10-10,1568.0,1561.9825400664295,-6.017459933570535
direct_extra_trees_growth,extra_trees,2025-4,Lags 2,14,2025-10-10,1594.0,1570.6875191970203,-23.312480802979735
direct_extra_trees_growth,extra_trees,2025-4,Tags 1,14,2025-09-09,1441.5,1505.8467134605685,64.34671346056848
direct_extra_trees_growth,extra_trees,2025-4,Tags 2,14,2025-09-09,1450.0400000000002,1575.3388898480207,125.29888984802051
direct_extra_trees_growth,extra_trees,2025-4,Tags 3,14,2025-09-09,1293.1200000000001,1567.0634737692844,273.9434737692843
direct_extra_trees_growth,extra_trees,2025-5,Lags 1,14,2025-12-24,1306.0,1420.7651452476327,114.76514524763274
direct_extra_trees_growth,extra_trees,2025-5,Lags 2,14,2025-12-31,1176.0,1145.379777777778,-30.620222222222083
direct_extra_trees_growth,extra_trees,2025-5,Lags 3,14,2026-01-09,1182.0,1160.0128667267916,-21.98713327320843
direct_extra_trees_growth,extra_trees,2025-5,Tags 1,14,2025-11-25,1702.0,1479.628405774363,-222.37159422563695
direct_extra_trees_growth,extra_trees,2025-5,Tags 2,14,2025-11-25,1776.0,1487.238630403993,-288.76136959600694
direct_extra_trees_growth,extra_trees,2025-5,Tags 3,14,2025-11-25,1738.0,1478.4969614357385,-259.5030385642615
direct_extra_trees_growth,extra_trees,2026-1,Lags 1,14,2026-03-19,1605.9999999999998,1530.2882153992364,-75.7117846007634
direct_extra_trees_growth,extra_trees,2026-1,Lags 2,14,2026-03-27,1972.0000000000002,1539.7625385176484,-432.2374614823518
direct_extra_trees_growth,extra_trees,2026-1,Lags 3,14,2026-04-03,1691.4399999999998,1376.3597119566164,-315.08028804338346
direct_extra_trees_growth,extra_trees,2026-1,Tags 1,14,2026-02-13,1446.68,1542.5489647947047,95.86896479470465
direct_extra_trees_growth,extra_trees,2026-1,Tags 2,14,2026-02-13,1550.16,1541.382391570641,-8.777608429359134
direct_extra_trees_growth,extra_trees,2026-1,Tags 3,14,2026-02-13,1691.4399999999998,1544.0053592038573,-147.4346407961425
direct_extra_trees_growth,extra_trees,2026-2,Lags 1,14,2026-06-15,1192.0,1570.6634996919117,378.66349969191174
direct_extra_trees_growth,extra_trees,2026-2,Lags 2,14,2026-06-23,1204.0,1366.0140312131255,162.01403121312546
direct_extra_trees_growth,extra_trees,2026-2,Lags 3,14,2026-06-29,1078.0,1213.370777777777,135.370777777777
direct_extra_trees_growth,extra_trees,2026-2,Tags 1,14,2026-05-02,1360.0,1617.213575769291,257.2135757692911
direct_extra_trees_growth,extra_trees,2026-2,Tags 2,14,2026-05-02,1556.2800000000002,1640.3161770250704,84.03617702507017
direct_extra_trees_growth,extra_trees,2026-2,Tags 3,14,2026-05-02,1564.0,1638.108424578813,74.1084245788129
direct_catboost_growth,catboost,2025-2,Tags 1,14,2025-04-11,1573.0,1543.8212282333989,-29.17877176660113
direct_catboost_growth,catboost,2025-2,Tags 2,14,2025-04-11,1599.0,1543.8212282333989,-55.17877176660113
direct_catboost_growth,catboost,2025-2,Tags 3,14,2025-04-11,1544.0,1543.8212282333989,-0.17877176660113037
direct_catboost_growth,catboost,2025-3,Lags 1,14,2025-07-23,1479.9999999999998,1531.5166471913074,51.516647191307584
direct_catboost_growth,catboost,2025-3,Lags 2,14,2025-07-29,1554.0,1455.1228398876715,-98.87716011232851
direct_catboost_growth,catboost,2025-3,Tags 1,14,2025-06-27,1477.24,1556.8843904582784,79.6443904582784
direct_catboost_growth,catboost,2025-3,Tags 2,14,2025-06-27,1490.24,1556.8843904582784,66.6443904582784
direct_catboost_growth,catboost,2025-3,Tags 3,14,2025-06-27,1582.1,1556.8843904582784,-25.215609541721506
direct_catboost_growth,catboost,2025-4,Lags 1,14,2025-10-10,1568.0,1539.9726498952139,-28.027350104786137
direct_catboost_growth,catboost,2025-4,Lags 2,14,2025-10-10,1594.0,1539.9726498952139,-54.02735010478614
direct_catboost_growth,catboost,2025-4,Tags 1,14,2025-09-09,1441.5,1529.3388394025533,87.83883940255328
direct_catboost_growth,catboost,2025-4,Tags 2,14,2025-09-09,1450.0400000000002,1536.1838500667739,86.14385006677367
direct_catboost_growth,catboost,2025-4,Tags 3,14,2025-09-09,1293.1200000000001,1534.9417073198322,241.82170731983206
direct_catboost_growth,catboost,2025-5,Lags 1,14,2025-12-24,1306.0,1461.1656912193462,155.16569121934617
direct_catboost_growth,catboost,2025-5,Lags 2,14,2025-12-31,1176.0,1440.8839400778904,264.88394007789043
direct_catboost_growth,catboost,2025-5,Lags 3,14,2026-01-09,1182.0,1444.4280202121035,262.42802021210355
direct_catboost_growth,catboost,2025-5,Tags 1,14,2025-11-25,1702.0,1494.4788459442657,-207.5211540557343
direct_catboost_growth,catboost,2025-5,Tags 2,14,2025-11-25,1776.0,1510.270223228407,-265.7297767715929
direct_catboost_growth,catboost,2025-5,Tags 3,14,2025-11-25,1738.0,1507.1942469672033,-230.8057530327967
direct_catboost_growth,catboost,2026-1,Lags 1,14,2026-03-19,1605.9999999999998,1516.4937663613202,-89.50623363867953
direct_catboost_growth,catboost,2026-1,Lags 2,14,2026-03-27,1972.0000000000002,1516.4937663613202,-455.50623363868
direct_catboost_growth,catboost,2026-1,Lags 3,14,2026-04-03,1691.4399999999998,1366.02228085569,-325.4177191443098
direct_catboost_growth,catboost,2026-1,Tags 1,14,2026-02-13,1446.68,1516.4937663613202,69.81376636132018
direct_catboost_growth,catboost,2026-1,Tags 2,14,2026-02-13,1550.16,1516.4937663613202,-33.66623363867984
direct_catboost_growth,catboost,2026-1,Tags 3,14,2026-02-13,1691.4399999999998,1518.23615109561,-173.20384890438982
direct_catboost_growth,catboost,2026-2,Lags 1,14,2026-06-15,1192.0,1587.461775049655,395.461775049655
direct_catboost_growth,catboost,2026-2,Lags 2,14,2026-06-23,1204.0,1571.5631143190487,367.56311431904874
direct_catboost_growth,catboost,2026-2,Lags 3,14,2026-06-29,1078.0,1460.2189596139824,382.2189596139824
direct_catboost_growth,catboost,2026-2,Tags 1,14,2026-05-02,1360.0,1582.1090742051556,222.1090742051556
direct_catboost_growth,catboost,2026-2,Tags 2,14,2026-05-02,1556.2800000000002,1587.8939105253885,31.61391052538829
direct_catboost_growth,catboost,2026-2,Tags 3,14,2026-05-02,1564.0,1587.8939105253885,23.893910525388492
