candidate,family,target_form,feature_set,complexity,description,rows,independent_building_cycles,rmse_g,cycle_macro_rmse_g,mae_g,cycle_macro_mae_g,r2,bias_g,within_100g_rate,within_200g_rate,worst_cycle_rmse_g,fold_rmse_sd_g,fold_rmse_se_g,target_side_accuracy,majority_side_accuracy,below_target_recall,at_or_above_target_recall,actual_target_hits,rmse_95ci_low_g,rmse_95ci_high_g,r2_95ci_low,r2_95ci_high,rank
direct_extra_trees_growth,extra_trees,direct,compact,5,Extra Trees restricted to growth and flock-state features,124,31,165.70547777136983,140.50189943475257,127.88626753693084,117.12705295744856,0.29492337503479915,9.172648115744787,0.5,0.7741935483870968,215.32497634573048,74.1887235987642,30.287419580891537,0.967741935483871,0.967741935483871,1.0,0.0,1,107.54674829169721,198.80112832571538,-0.3070221910239799,0.43792452031860385,1
remaining_trajectory_ridge,ridge,remaining,trajectory,3,Regularized remaining-gain regression on the observed trajectory,124,31,161.9674263769344,146.97712565161146,128.44048000235594,122.17616055710904,0.3263753835784179,7.761182635453255,0.46774193548387094,0.7741935483870968,203.03114020276885,54.18925250704546,22.122669697515914,0.9838709677419355,0.967741935483871,1.0,0.5,1,116.1781273447617,190.29260870078875,-0.3169010493653197,0.38220827371405564,2
historical_remaining_gain,baseline,remaining,current,0,Naive projection: current weight plus fold-local expected remaining growth,124,31,163.90887260176706,149.9082719395848,127.1208997429989,120.92760425824173,0.31012959760018166,-0.6461027915633306,0.5080645161290323,0.7580645161290323,203.1370166198503,53.93536909361507,22.019022228005827,0.9596774193548387,0.967741935483871,0.9833333333333333,0.25,1,118.33627181259028,193.32885526310793,-0.3901534100613022,0.36779025750003425,3
recent_adg_projection,recent_adg,direct,compact,1,Naive projection: blend recent observed ADG with fold-local expected remaining daily gain,124,31,163.90887260176706,149.9082719395848,127.12089974299892,120.92760425824173,0.31012959760018166,-0.6461027915632701,0.5080645161290323,0.7580645161290323,203.1370166198503,53.93536909361509,22.019022228005834,0.9596774193548387,0.967741935483871,0.9833333333333333,0.25,1,118.3362718125903,193.32885526310795,-0.39015341006130155,0.36779025750003413,4
blend_baseline_pls,blend,direct,trajectory,3,Fold-tuned blend of remaining-gain baseline and trajectory PLS,124,31,163.84989603219796,149.9193673109897,129.38612737219475,123.89832869272554,0.31062595718611297,3.544935027509085,0.47580645161290325,0.7741935483870968,205.697844161427,54.64653903792981,22.3093561420016,0.9596774193548387,0.967741935483871,0.9833333333333333,0.25,1,117.41274625603532,193.97042846068695,-0.4077853545534851,0.36510326404485527,5
direct_linear_svr,svr,direct,trajectory,4,Linear support-vector regression on the observed trajectory,124,31,191.37104644001676,152.47832443431585,146.08730786863882,131.7998986798813,0.059594739628347604,19.821000350521967,0.532258064516129,0.6854838709677419,258.75445159508394,102.63586781704218,41.90091757658249,0.967741935483871,0.967741935483871,1.0,0.0,1,112.6681959769749,237.46919127287194,-0.2813962476987144,0.1029524743823661,6
direct_trajectory_ridge,ridge,direct,trajectory,3,Regularized direct regression on the observed weight trajectory,124,31,172.2868587953168,154.90055156577702,134.73332837283598,127.96355214199939,0.237803601801704,10.35673789999195,0.45161290322580644,0.7661290322580645,209.7447088878146,61.26881794647809,25.01289018539133,0.9758064516129032,0.967741935483871,1.0,0.25,1,122.7034257541267,201.7195470327569,-0.43178713594996077,0.3141165095977816,7
direct_current_weight_ols,ols,direct,current,1,Checkpoint-specific direct regression on current observed weight,124,31,163.31750625665657,155.90983743165754,135.12989257253443,134.86035027580888,0.3150985804512054,9.684385303146005,0.3870967741935484,0.7661290322580645,197.2583362978183,47.12995713757992,19.240724431052143,0.967741935483871,0.967741935483871,0.9833333333333333,0.5,1,122.98632796458195,190.55704330672066,-0.6566290453439689,0.4194141619478611,8
direct_extra_trees,extra_trees,direct,extended,5,"Constrained Extra Trees using growth, flock-state, and environment history",124,31,186.38612217748528,156.85311459946266,146.3219318059538,133.6271355941131,0.10794890210143471,18.244240692197785,0.45161290322580644,0.717741935483871,243.2486902927099,85.36914347675786,34.851806882750644,0.967741935483871,0.967741935483871,1.0,0.0,1,124.68757116061155,224.92483346525455,-0.4528411238800154,0.1529758500958181,9
direct_gradient_boosting,gradient_boosting,direct,extended,6,Constrained Huber gradient boosting using extended features,124,31,188.3913260595597,157.12614318707244,147.66634510585794,134.1048732351936,0.08865168987730776,14.684534624771501,0.4112903225806452,0.6612903225806451,241.9430352820442,88.85679867293503,36.27563615431738,0.967741935483871,0.967741935483871,1.0,0.0,1,129.66100443275147,225.5250844010499,-0.6067649108084356,0.242837775504416,10
remaining_poultry_core_ridge,ridge,remaining,poultry_core,4,Regularized remaining-gain model using compact poultry features,124,31,169.84252638475584,157.74846052651614,137.3060358700537,132.62656405149377,0.25927761569471763,24.025440591487435,0.46774193548387094,0.7338709677419355,216.50950894225232,49.99872018756852,20.411892041955888,0.9758064516129032,0.967741935483871,0.9833333333333333,0.75,1,123.28962192014522,199.04994541708646,-0.3911548197874221,0.3302274645004192,11
direct_catboost_growth,catboost,direct,compact,7,Regularized CatBoost using observed growth and flock-state features,124,31,195.89055133916563,158.32774390819483,149.29059037827687,134.7294777763453,0.014652171965686245,20.996203432068533,0.5080645161290323,0.6370967741935484,273.0822066874106,101.27787217118855,41.34651817570538,0.967741935483871,0.967741935483871,1.0,0.0,1,120.8494593390808,240.34423554176865,-0.4561133639269346,0.18232133047580845,12
direct_elastic_net_compact,elastic_net,direct,compact,4,Sparse regularized compact model,124,31,181.7242899199226,161.58285614920695,144.98754740786174,136.8664371752694,0.15201426294950804,11.627943578325553,0.4274193548387097,0.6935483870967742,229.8797495838085,68.99732279123154,28.16803907610361,0.9596774193548387,0.967741935483871,0.9916666666666667,0.0,1,124.95060212020292,216.48915713446152,-0.43377678238132,0.22307647498037952,13
direct_lightgbm_growth,lightgbm,direct,compact,7,Regularized LightGBM using observed growth and flock-state features,124,31,200.93251916782722,163.41587065817677,154.03399104363868,139.12653216432645,-0.036723743065764314,13.641586950805394,0.4596774193548387,0.6451612903225806,280.3370056087427,102.04928036403723,41.661444251685666,0.967741935483871,0.967741935483871,1.0,0.0,1,126.62601324387941,247.11584947621986,-0.6023704835391196,0.17270842324412916,14
direct_poultry_core_ridge,ridge,direct,poultry_core,4,Regularized direct model using a compact biologically selected environmental feature set,124,31,188.77531218853207,164.29057535391544,153.07443676327904,142.6218507222741,0.08493281648146123,31.99553577923821,0.41935483870967744,0.6451612903225806,259.55204984634156,77.43635311009932,31.61325877695409,0.967741935483871,0.967741935483871,1.0,0.0,1,117.7267692896727,232.59995182090807,-0.4191112685668126,0.1578708239580361,15
direct_xgboost_growth,xgboost,direct,compact,7,Regularized XGBoost using observed growth and flock-state features,124,31,200.77104090423344,164.58219258142205,154.99621428458917,140.7489987182617,-0.035058098478507826,13.324101286857358,0.4596774193548387,0.6370967741935484,285.03371822049724,99.77404961715767,40.73258518886127,0.967741935483871,0.967741935483871,1.0,0.0,1,125.91399242121547,248.9567324567447,-0.5985000302299951,0.1854664640757736,16
direct_extra_trees_poultry,extra_trees,direct,poultry,6,Extra Trees with poultry-specific target-deficit and environmental exposure features,124,31,195.721704994064,164.85952822987,153.90691778543595,140.41041376293197,0.01635006578024656,29.923396496944363,0.41935483870967744,0.6854838709677419,252.9200605570117,89.6899910044606,36.61578549929029,0.967741935483871,0.967741935483871,1.0,0.0,1,132.3788566802525,234.83340383181655,-0.5017052962102848,0.07045145148383403,17
direct_catboost_poultry,catboost,direct,poultry_core,8,Regularized CatBoost using compact poultry-environment features,124,31,203.1983896801651,165.40346525536603,153.72099800884996,139.29548582010074,-0.0602373764002726,25.705836176760933,0.47580645161290325,0.6290322580645161,282.00265824376277,103.04467413245798,42.067812055981825,0.967741935483871,0.967741935483871,1.0,0.0,1,126.55317224184493,251.15144729534074,-0.5480453647854597,0.06902254817095178,18
direct_xgboost_poultry,xgboost,direct,poultry_core,8,Regularized XGBoost using compact poultry-environment features,124,31,204.37403445946546,165.79202009964914,156.99458074754278,141.74307692464188,-0.07254129639746165,14.897081613848286,0.45161290322580644,0.6370967741935484,284.3090927818554,104.51457873834349,42.66789809847954,0.967741935483871,0.967741935483871,1.0,0.0,1,128.068414554694,250.77317315870872,-0.6174111243224901,0.11067379799612014,19
remaining_extra_trees_poultry,extra_trees,remaining,poultry,6,Extra Trees for remaining gain with poultry-specific features,124,31,186.04694291569527,166.36894198324453,146.5900522181266,137.98116874658066,0.11119259782579771,28.303953120955082,0.4274193548387097,0.7258064516129032,257.7851657374083,68.09588035742608,27.80002674355095,0.9758064516129032,0.967741935483871,0.9916666666666667,0.5,1,123.93696575696416,226.41434824539087,-0.35561827921231337,0.2098279112409891,20
direct_gradient_boosting_poultry,gradient_boosting,direct,poultry,7,Gradient boosting with poultry-specific target-deficit and environmental exposure features,124,31,200.94629744208342,167.56002062658348,156.94371129426966,142.22958193401558,-0.03686592765456842,23.470130223008496,0.4112903225806452,0.6290322580645161,255.68960294441055,94.94590972839664,38.76150533315419,0.967741935483871,0.967741935483871,1.0,0.0,1,139.49201719519903,238.11739810292144,-0.6842978455338514,0.0726766812335028,21
direct_huber_compact,huber,direct,compact,4,Robust regression using compact growth and flock-state features,124,31,173.7796448064139,167.66229585845005,137.03942262530484,137.1538000589911,0.22453822140399193,1.8689670169166965,0.4596774193548387,0.7338709677419355,215.83388147464024,44.19860105829101,18.044003322941595,0.9596774193548387,0.967741935483871,0.9666666666666667,0.75,1,138.30297320342464,201.27915670931955,-1.0757495753854145,0.38526520155699395,22
direct_lightgbm_poultry,lightgbm,direct,poultry_core,8,Regularized LightGBM using compact poultry-environment features,124,31,206.8736697915442,167.8408193003198,158.3788913751853,142.97450832247986,-0.09893757647462498,15.735821261552518,0.45161290322580644,0.6451612903225806,285.05264097123774,105.78484260603656,43.18648115090325,0.967741935483871,0.967741935483871,1.0,0.0,1,130.48049978752323,254.02176685653782,-0.6410745261144535,0.0695016290478203,23
direct_trajectory_pls,pls,direct,trajectory,2,One-component partial least squares growth-trajectory model,124,31,177.00244284788846,170.10136392801002,148.88898172199126,151.44724022358332,0.19550915385453738,12.36715417175611,0.3467741935483871,0.6935483870967742,226.63289660713096,58.4443348846379,23.859799803950935,0.9193548387096774,0.967741935483871,0.95,0.0,1,135.95111400147277,207.7860333786547,-1.1169269069514232,0.35063615641808066,24
direct_random_forest,random_forest,direct,extended,6,Constrained random forest using extended features,124,31,197.17311653695526,170.80005319009538,158.0118922637491,145.78298792002673,0.0017070859605494704,22.985863528007847,0.3629032258064516,0.7016129032258065,253.05407986732297,80.95719799624955,33.05063768271336,0.967741935483871,0.967741935483871,1.0,0.0,1,131.65866335308584,235.03540192623933,-0.8372269136505428,0.19918651453804637,25
direct_hist_gradient_boosting_poultry,hist_gradient_boosting,direct,poultry,7,Histogram gradient boosting with poultry-specific features and native small-sample regularization,124,31,207.03087890774665,172.19556920127684,161.7468683518931,148.56163471408354,-0.10060843820454068,10.74473506102881,0.49193548387096775,0.6451612903225806,282.4153858019295,98.69514264465809,40.29212326176877,0.967741935483871,0.967741935483871,1.0,0.0,1,132.03434832336816,252.68035382727615,-0.6850907856559798,0.07905520960515955,26
direct_random_forest_poultry,random_forest,direct,poultry,7,Random forest with poultry-specific target-deficit and environmental exposure features,124,31,207.21384908930378,174.39037801962846,162.90960795099872,148.4621461455735,-0.10255469389539273,25.532699267591337,0.4032258064516129,0.6290322580645161,269.06543477552026,95.01287913391249,38.78884547846942,0.967741935483871,0.967741935483871,1.0,0.0,1,137.9324709667363,247.69855549142608,-0.8121302935206669,0.0545512624765209,27
direct_poultry_core_pls,pls_multi,direct,poultry_core,4,Low-rank partial least squares model using compact poultry features,124,31,205.99783920016674,195.38388138075106,177.05561718641064,172.97029454276927,-0.08965224073952993,34.10140553545266,0.23387096774193547,0.6612903225806451,252.92061505891456,47.91524119843794,19.56131530642595,0.9516129032258065,0.967741935483871,0.9833333333333333,0.0,1,166.27719107136036,234.715358923801,-1.2574907183892348,0.0882298817252497,28
target_gap_preserving,target_gain,direct,current,0,Naive projection: add the farm target curve's remaining gain while preserving today's target deficit,124,31,219.00104783406712,211.1023699851397,172.14782258064514,172.03019444444445,-0.23155829025075847,130.23217741935485,0.3548387096774194,0.6612903225806451,291.0627766837136,48.899469639134594,19.963124884766273,0.967741935483871,0.967741935483871,0.9833333333333333,0.5,1,175.57131906809366,256.84774494500306,-1.676880743958308,0.08373532982996268,29
historical_growth_ratio,historical_ratio,direct,current,0,Naive projection: current weight multiplied by the fold-local historical checkpoint-to-Day-35 ratio,124,31,270.646776163011,270.0197712080528,223.94596938247722,241.7867503613885,-0.8809112460084376,44.04035107252886,0.23387096774193547,0.5,487.5597954267222,121.19705130557695,49.47848900476289,0.8225806451612904,0.967741935483871,0.825,0.75,1,195.05618434138208,354.30547897858196,-7.283770567455683,0.12149780764739748,30
target_curve_pace,pace,direct,current,1,Current target-relative pace projected to Day 35,124,31,339.489302482034,320.99797231972724,284.363993183861,271.2339519263846,-1.9594756727630998,-246.31512071806648,0.1935483870967742,0.41935483870967744,415.1408259354463,76.91949531136193,31.402252464206637,0.967741935483871,0.967741935483871,0.9833333333333333,0.5,1,287.64449916142615,379.68130906181227,-6.664923756380345,-1.1753536288903481,31
