flock,farm,actual,predicted,prediction_day,error_g,absolute_error_g
2025-2_Tags 1,Tags,1573.0,1549.6744159872917,1,-23.325584012708305,23.325584012708305
2025-2_Tags 1,Tags,1573.0,1549.262506539972,2,-23.737493460027963,23.737493460027963
2025-2_Tags 1,Tags,1573.0,1549.339060449869,3,-23.660939550130934,23.660939550130934
2025-2_Tags 1,Tags,1573.0,1553.4233470833967,4,-19.57665291660328,19.57665291660328
2025-2_Tags 1,Tags,1573.0,1555.600582460377,5,-17.399417539623073,17.399417539623073
2025-2_Tags 1,Tags,1573.0,1556.799324440383,6,-16.20067555961691,16.20067555961691
2025-2_Tags 1,Tags,1573.0,1558.975331064867,7,-14.024668935132922,14.024668935132922
2025-2_Tags 1,Tags,1573.0,1560.1351751536708,8,-12.864824846329157,12.864824846329157
2025-2_Tags 1,Tags,1573.0,1563.1689066677716,9,-9.83109333222842,9.83109333222842
2025-2_Tags 1,Tags,1573.0,1563.1689066677716,10,-9.83109333222842,9.83109333222842
2025-2_Tags 1,Tags,1573.0,1563.1689066677716,11,-9.83109333222842,9.83109333222842
2025-2_Tags 1,Tags,1573.0,1563.1689066677716,12,-9.83109333222842,9.83109333222842
2025-2_Tags 1,Tags,1573.0,1563.1689066677716,13,-9.83109333222842,9.83109333222842
2025-2_Tags 1,Tags,1573.0,1563.1689066677716,14,-9.83109333222842,9.83109333222842
2025-2_Tags 1,Tags,1573.0,1563.1689066677716,15,-9.83109333222842,9.83109333222842
2025-2_Tags 1,Tags,1573.0,1563.1689066677716,16,-9.83109333222842,9.83109333222842
2025-2_Tags 1,Tags,1573.0,1563.1689066677716,17,-9.83109333222842,9.83109333222842
2025-2_Tags 1,Tags,1573.0,1563.1689066677716,18,-9.83109333222842,9.83109333222842
2025-2_Tags 1,Tags,1573.0,1563.1689066677716,19,-9.83109333222842,9.83109333222842
2025-2_Tags 1,Tags,1573.0,1563.1689066677716,20,-9.83109333222842,9.83109333222842
2025-2_Tags 1,Tags,1573.0,1563.1689066677716,21,-9.83109333222842,9.83109333222842
2025-2_Tags 2,Tags,1599.0,1557.958285386174,1,-41.04171461382589,41.04171461382589
2025-2_Tags 2,Tags,1599.0,1517.616313283327,2,-81.38368671667308,81.38368671667308
2025-2_Tags 2,Tags,1599.0,1560.1245813158844,3,-38.87541868411563,38.87541868411563
2025-2_Tags 2,Tags,1599.0,1558.1372360703217,4,-40.862763929678295,40.862763929678295
2025-2_Tags 2,Tags,1599.0,1559.8237785933643,5,-39.176221406635705,39.176221406635705
2025-2_Tags 2,Tags,1599.0,1560.422952743252,6,-38.577047256748074,38.577047256748074
2025-2_Tags 2,Tags,1599.0,1565.027143924257,7,-33.97285607574304,33.97285607574304
2025-2_Tags 2,Tags,1599.0,1567.01448916982,8,-31.98551083017992,31.98551083017992
2025-2_Tags 2,Tags,1599.0,1568.7081207746137,9,-30.29187922538631,30.29187922538631
2025-2_Tags 2,Tags,1599.0,1568.7081207746137,10,-30.29187922538631,30.29187922538631
2025-2_Tags 2,Tags,1599.0,1568.7081207746137,11,-30.29187922538631,30.29187922538631
2025-2_Tags 2,Tags,1599.0,1567.5984037495762,12,-31.401596250423836,31.401596250423836
2025-2_Tags 2,Tags,1599.0,1568.6080041880923,13,-30.39199581190769,30.39199581190769
2025-2_Tags 2,Tags,1599.0,1568.6080041880923,14,-30.39199581190769,30.39199581190769
2025-2_Tags 2,Tags,1599.0,1568.5534164574792,15,-30.446583542520784,30.446583542520784
2025-2_Tags 2,Tags,1599.0,1568.5534164574792,16,-30.446583542520784,30.446583542520784
2025-2_Tags 2,Tags,1599.0,1568.5534164574792,17,-30.446583542520784,30.446583542520784
2025-2_Tags 2,Tags,1599.0,1568.5534164574792,18,-30.446583542520784,30.446583542520784
2025-2_Tags 2,Tags,1599.0,1568.5534164574792,19,-30.446583542520784,30.446583542520784
2025-2_Tags 2,Tags,1599.0,1569.4881897637983,20,-29.511810236201654,29.511810236201654
2025-2_Tags 2,Tags,1599.0,1569.4881897637983,21,-29.511810236201654,29.511810236201654
2025-2_Tags 3,Tags,1544.0,1528.0336373470857,1,-15.966362652914313,15.966362652914313
2025-2_Tags 3,Tags,1544.0,1522.9676139273893,2,-21.032386072610734,21.032386072610734
2025-2_Tags 3,Tags,1544.0,1522.7447212612822,3,-21.255278738717834,21.255278738717834
2025-2_Tags 3,Tags,1544.0,1523.3456124278118,4,-20.65438757218817,20.65438757218817
2025-2_Tags 3,Tags,1544.0,1524.4247752674914,5,-19.57522473250856,19.57522473250856
2025-2_Tags 3,Tags,1544.0,1524.4247752674914,6,-19.57522473250856,19.57522473250856
2025-2_Tags 3,Tags,1544.0,1528.1723872975206,7,-15.827612702479428,15.827612702479428
2025-2_Tags 3,Tags,1544.0,1529.3357727837072,8,-14.66422721629283,14.66422721629283
2025-2_Tags 3,Tags,1544.0,1529.3357727837072,9,-14.66422721629283,14.66422721629283
2025-2_Tags 3,Tags,1544.0,1529.3357727837072,10,-14.66422721629283,14.66422721629283
2025-2_Tags 3,Tags,1544.0,1529.3357727837072,11,-14.66422721629283,14.66422721629283
2025-2_Tags 3,Tags,1544.0,1530.3472748290458,12,-13.652725170954227,13.652725170954227
2025-2_Tags 3,Tags,1544.0,1533.1638313090316,13,-10.836168690968407,10.836168690968407
2025-2_Tags 3,Tags,1544.0,1533.1638313090316,14,-10.836168690968407,10.836168690968407
2025-2_Tags 3,Tags,1544.0,1533.0389188368783,15,-10.961081163121662,10.961081163121662
2025-2_Tags 3,Tags,1544.0,1533.0389188368783,16,-10.961081163121662,10.961081163121662
2025-2_Tags 3,Tags,1544.0,1533.0389188368783,17,-10.961081163121662,10.961081163121662
2025-2_Tags 3,Tags,1544.0,1533.0389188368783,18,-10.961081163121662,10.961081163121662
2025-2_Tags 3,Tags,1544.0,1533.0389188368783,19,-10.961081163121662,10.961081163121662
2025-2_Tags 3,Tags,1544.0,1533.0389188368783,20,-10.961081163121662,10.961081163121662
2025-2_Tags 3,Tags,1544.0,1533.0389188368783,21,-10.961081163121662,10.961081163121662
2025-3_Lags 1,Lags,1479.9999999999998,1354.3246790303888,1,-125.675320969611,125.675320969611
2025-3_Lags 1,Lags,1479.9999999999998,1213.5860948019154,2,-266.4139051980844,266.4139051980844
2025-3_Lags 1,Lags,1479.9999999999998,1343.288430558924,3,-136.71156944107588,136.71156944107588
2025-3_Lags 1,Lags,1479.9999999999998,1350.1605191666006,4,-129.8394808333992,129.8394808333992
2025-3_Lags 1,Lags,1479.9999999999998,1363.0976491886418,5,-116.90235081135802,116.90235081135802
2025-3_Lags 1,Lags,1479.9999999999998,1353.973253647377,6,-126.0267463526227,126.0267463526227
2025-3_Lags 1,Lags,1479.9999999999998,1332.8883852773415,7,-147.11161472265826,147.11161472265826
2025-3_Lags 1,Lags,1479.9999999999998,1394.961197938268,8,-85.03880206173176,85.03880206173176
2025-3_Lags 1,Lags,1479.9999999999998,1402.7516265791278,9,-77.24837342087199,77.24837342087199
2025-3_Lags 1,Lags,1479.9999999999998,1412.0376520620675,10,-67.96234793793224,67.96234793793224
2025-3_Lags 1,Lags,1479.9999999999998,1429.8985309676973,11,-50.101469032302475,50.101469032302475
2025-3_Lags 1,Lags,1479.9999999999998,1441.2690019647866,12,-38.73099803521313,38.73099803521313
2025-3_Lags 1,Lags,1479.9999999999998,1441.2690019647866,13,-38.73099803521313,38.73099803521313
2025-3_Lags 1,Lags,1479.9999999999998,1450.4849770205567,14,-29.515022979443074,29.515022979443074
2025-3_Lags 1,Lags,1479.9999999999998,1458.9722018769764,15,-21.02779812302333,21.02779812302333
2025-3_Lags 1,Lags,1479.9999999999998,1458.9722018769764,16,-21.02779812302333,21.02779812302333
2025-3_Lags 1,Lags,1479.9999999999998,1458.9722018769764,17,-21.02779812302333,21.02779812302333
2025-3_Lags 1,Lags,1479.9999999999998,1460.6583962656175,18,-19.34160373438226,19.34160373438226
2025-3_Lags 1,Lags,1479.9999999999998,1462.7197831992044,19,-17.280216800795415,17.280216800795415
2025-3_Lags 1,Lags,1479.9999999999998,1469.5421417851164,20,-10.457858214883345,10.457858214883345
2025-3_Lags 1,Lags,1479.9999999999998,1469.5421417851164,21,-10.457858214883345,10.457858214883345
2025-3_Lags 2,Lags,1554.0,1408.6588645542438,1,-145.3411354457562,145.3411354457562
2025-3_Lags 2,Lags,1554.0,1566.0734944220274,2,12.073494422027352,12.073494422027352
2025-3_Lags 2,Lags,1554.0,1631.972269513607,3,77.97226951360699,77.97226951360699
2025-3_Lags 2,Lags,1554.0,1636.1562219171278,4,82.15622191712782,82.15622191712782
2025-3_Lags 2,Lags,1554.0,1660.8524726933358,5,106.85247269333581,106.85247269333581
2025-3_Lags 2,Lags,1554.0,1657.9953620034112,6,103.99536200341117,103.99536200341117
2025-3_Lags 2,Lags,1554.0,1572.9485493914594,7,18.948549391459437,18.948549391459437
2025-3_Lags 2,Lags,1554.0,1555.1839586870583,8,1.1839586870582934,1.1839586870582934
2025-3_Lags 2,Lags,1554.0,1554.9057069522096,9,0.9057069522095844,0.9057069522095844
2025-3_Lags 2,Lags,1554.0,1542.5493755686855,10,-11.450624431314509,11.450624431314509
2025-3_Lags 2,Lags,1554.0,1531.1158560373806,11,-22.88414396261942,22.88414396261942
2025-3_Lags 2,Lags,1554.0,1498.283187210939,12,-55.716812789060896,55.716812789060896
2025-3_Lags 2,Lags,1554.0,1498.9940132535964,13,-55.00598674640355,55.00598674640355
2025-3_Lags 2,Lags,1554.0,1503.5810810892165,14,-50.41891891078353,50.41891891078353
2025-3_Lags 2,Lags,1554.0,1506.115294329067,15,-47.884705670933045,47.884705670933045
2025-3_Lags 2,Lags,1554.0,1527.9330534536648,16,-26.066946546335203,26.066946546335203
2025-3_Lags 2,Lags,1554.0,1525.5369680450158,17,-28.463031954984217,28.463031954984217
2025-3_Lags 2,Lags,1554.0,1531.052760986494,18,-22.947239013506078,22.947239013506078
2025-3_Lags 2,Lags,1554.0,1478.5921938670162,19,-75.40780613298375,75.40780613298375
2025-3_Lags 2,Lags,1554.0,1468.264986195022,20,-85.73501380497805,85.73501380497805
2025-3_Lags 2,Lags,1554.0,1468.264986195022,21,-85.73501380497805,85.73501380497805
2025-3_Tags 1,Tags,1477.24,1514.992872631202,1,37.75287263120208,37.75287263120208
2025-3_Tags 1,Tags,1477.24,1523.5956650158323,2,46.3556650158323,46.3556650158323
2025-3_Tags 1,Tags,1477.24,1522.4315604542746,3,45.19156045427462,45.19156045427462
2025-3_Tags 1,Tags,1477.24,1526.479651528642,4,49.23965152864207,49.23965152864207
2025-3_Tags 1,Tags,1477.24,1526.479651528642,5,49.23965152864207,49.23965152864207
2025-3_Tags 1,Tags,1477.24,1528.7069740358445,6,51.46697403584449,51.46697403584449
2025-3_Tags 1,Tags,1477.24,1532.6218073282432,7,55.38180732824321,55.38180732824321
2025-3_Tags 1,Tags,1477.24,1535.810780768783,8,58.570780768782924,58.570780768782924
2025-3_Tags 1,Tags,1477.24,1537.3854650267986,9,60.14546502679855,60.14546502679855
2025-3_Tags 1,Tags,1477.24,1537.3854650267986,10,60.14546502679855,60.14546502679855
2025-3_Tags 1,Tags,1477.24,1537.3854650267986,11,60.14546502679855,60.14546502679855
2025-3_Tags 1,Tags,1477.24,1537.3854650267986,12,60.14546502679855,60.14546502679855
2025-3_Tags 1,Tags,1477.24,1537.3854650267986,13,60.14546502679855,60.14546502679855
2025-3_Tags 1,Tags,1477.24,1537.3854650267986,14,60.14546502679855,60.14546502679855
2025-3_Tags 1,Tags,1477.24,1537.3854650267986,15,60.14546502679855,60.14546502679855
2025-3_Tags 1,Tags,1477.24,1537.3854650267986,16,60.14546502679855,60.14546502679855
2025-3_Tags 1,Tags,1477.24,1537.3854650267986,17,60.14546502679855,60.14546502679855
2025-3_Tags 1,Tags,1477.24,1537.3854650267986,18,60.14546502679855,60.14546502679855
2025-3_Tags 1,Tags,1477.24,1537.3854650267986,19,60.14546502679855,60.14546502679855
2025-3_Tags 1,Tags,1477.24,1537.3854650267986,20,60.14546502679855,60.14546502679855
2025-3_Tags 1,Tags,1477.24,1537.3854650267986,21,60.14546502679855,60.14546502679855
2025-3_Tags 2,Tags,1490.24,1588.8457432888615,1,98.6057432888615,98.6057432888615
2025-3_Tags 2,Tags,1490.24,1514.367646022897,2,24.127646022896897,24.127646022896897
2025-3_Tags 2,Tags,1490.24,1578.3201814239192,3,88.08018142391916,88.08018142391916
2025-3_Tags 2,Tags,1490.24,1581.699752925526,4,91.45975292552589,91.45975292552589
2025-3_Tags 2,Tags,1490.24,1586.4861067693498,5,96.24610676934981,96.24610676934981
2025-3_Tags 2,Tags,1490.24,1589.3995344661228,6,99.15953446612275,99.15953446612275
2025-3_Tags 2,Tags,1490.24,1588.6766928465731,7,98.43669284657312,98.43669284657312
2025-3_Tags 2,Tags,1490.24,1591.7988105350043,8,101.55881053500434,101.55881053500434
2025-3_Tags 2,Tags,1490.24,1591.7988105350043,9,101.55881053500434,101.55881053500434
2025-3_Tags 2,Tags,1490.24,1591.7988105350043,10,101.55881053500434,101.55881053500434
2025-3_Tags 2,Tags,1490.24,1591.7988105350043,11,101.55881053500434,101.55881053500434
2025-3_Tags 2,Tags,1490.24,1591.7988105350043,12,101.55881053500434,101.55881053500434
2025-3_Tags 2,Tags,1490.24,1591.7988105350043,13,101.55881053500434,101.55881053500434
2025-3_Tags 2,Tags,1490.24,1591.7988105350043,14,101.55881053500434,101.55881053500434
2025-3_Tags 2,Tags,1490.24,1591.7304521856277,15,101.49045218562765,101.49045218562765
2025-3_Tags 2,Tags,1490.24,1591.7304521856277,16,101.49045218562765,101.49045218562765
2025-3_Tags 2,Tags,1490.24,1591.7304521856277,17,101.49045218562765,101.49045218562765
2025-3_Tags 2,Tags,1490.24,1591.7304521856277,18,101.49045218562765,101.49045218562765
2025-3_Tags 2,Tags,1490.24,1591.7304521856277,19,101.49045218562765,101.49045218562765
2025-3_Tags 2,Tags,1490.24,1591.7304521856277,20,101.49045218562765,101.49045218562765
2025-3_Tags 2,Tags,1490.24,1591.7304521856277,21,101.49045218562765,101.49045218562765
2025-3_Tags 3,Tags,1582.1,1494.2726588073538,1,-87.82734119264614,87.82734119264614
2025-3_Tags 3,Tags,1582.1,1478.3828860310605,2,-103.71711396893943,103.71711396893943
2025-3_Tags 3,Tags,1582.1,1479.239954192401,3,-102.86004580759891,102.86004580759891
2025-3_Tags 3,Tags,1582.1,1485.977396281455,4,-96.12260371854495,96.12260371854495
2025-3_Tags 3,Tags,1582.1,1482.1175345008191,5,-99.98246549918076,99.98246549918076
2025-3_Tags 3,Tags,1582.1,1487.3683219632985,6,-94.7316780367014,94.7316780367014
2025-3_Tags 3,Tags,1582.1,1492.0259192268643,7,-90.07408077313562,90.07408077313562
2025-3_Tags 3,Tags,1582.1,1491.075116445674,8,-91.02488355432592,91.02488355432592
2025-3_Tags 3,Tags,1582.1,1493.330093757206,9,-88.76990624279392,88.76990624279392
2025-3_Tags 3,Tags,1582.1,1502.634398328981,10,-79.46560167101893,79.46560167101893
2025-3_Tags 3,Tags,1582.1,1504.2568778338166,11,-77.84312216618332,77.84312216618332
2025-3_Tags 3,Tags,1582.1,1514.7098283801693,12,-67.39017161983065,67.39017161983065
2025-3_Tags 3,Tags,1582.1,1519.7109856339694,13,-62.38901436603055,62.38901436603055
2025-3_Tags 3,Tags,1582.1,1512.241608402332,14,-69.85839159766783,69.85839159766783
2025-3_Tags 3,Tags,1582.1,1528.0811699095664,15,-54.01883009043354,54.01883009043354
2025-3_Tags 3,Tags,1582.1,1528.0811699095664,16,-54.01883009043354,54.01883009043354
2025-3_Tags 3,Tags,1582.1,1528.0811699095664,17,-54.01883009043354,54.01883009043354
2025-3_Tags 3,Tags,1582.1,1528.0811699095664,18,-54.01883009043354,54.01883009043354
2025-3_Tags 3,Tags,1582.1,1534.9569250314776,19,-47.14307496852234,47.14307496852234
2025-3_Tags 3,Tags,1582.1,1534.9569250314776,20,-47.14307496852234,47.14307496852234
2025-3_Tags 3,Tags,1582.1,1534.9569250314776,21,-47.14307496852234,47.14307496852234
2025-4_Lags 1,Lags,1568.0,1497.8496235597854,1,-70.15037644021459,70.15037644021459
2025-4_Lags 1,Lags,1568.0,1412.1065016252412,2,-155.8934983747588,155.8934983747588
2025-4_Lags 1,Lags,1568.0,1409.7993667909473,3,-158.20063320905274,158.20063320905274
2025-4_Lags 1,Lags,1568.0,1548.6737605720994,4,-19.326239427900646,19.326239427900646
2025-4_Lags 1,Lags,1568.0,1547.1450269759116,5,-20.854973024088395,20.854973024088395
2025-4_Lags 1,Lags,1568.0,1556.8368869716087,6,-11.163113028391308,11.163113028391308
2025-4_Lags 1,Lags,1568.0,1555.8577418178738,7,-12.14225818212617,12.14225818212617
2025-4_Lags 1,Lags,1568.0,1577.3975422625872,8,9.397542262587194,9.397542262587194
2025-4_Lags 1,Lags,1568.0,1576.8173040813524,9,8.817304081352404,8.817304081352404
2025-4_Lags 1,Lags,1568.0,1577.8968013217802,10,9.89680132178023,9.89680132178023
2025-4_Lags 1,Lags,1568.0,1577.8968013217802,11,9.89680132178023,9.89680132178023
2025-4_Lags 1,Lags,1568.0,1577.8968013217802,12,9.89680132178023,9.89680132178023
2025-4_Lags 1,Lags,1568.0,1578.3997105028168,13,10.399710502816788,10.399710502816788
2025-4_Lags 1,Lags,1568.0,1577.7959744262353,14,9.795974426235261,9.795974426235261
2025-4_Lags 1,Lags,1568.0,1585.0429761689418,15,17.042976168941777,17.042976168941777
2025-4_Lags 1,Lags,1568.0,1585.6467122455233,16,17.646712245523304,17.646712245523304
2025-4_Lags 1,Lags,1568.0,1585.6467122455233,17,17.646712245523304,17.646712245523304
2025-4_Lags 1,Lags,1568.0,1585.6467122455233,18,17.646712245523304,17.646712245523304
2025-4_Lags 1,Lags,1568.0,1585.6467122455233,19,17.646712245523304,17.646712245523304
2025-4_Lags 1,Lags,1568.0,1584.3724553999702,20,16.37245539997025,16.37245539997025
2025-4_Lags 1,Lags,1568.0,1579.1250781954498,21,11.12507819544976,11.12507819544976
2025-4_Lags 2,Lags,1594.0,1517.682858844513,1,-76.31714115548698,76.31714115548698
2025-4_Lags 2,Lags,1594.0,1468.753378286788,2,-125.24662171321211,125.24662171321211
2025-4_Lags 2,Lags,1594.0,1475.0659821251645,3,-118.93401787483549,118.93401787483549
2025-4_Lags 2,Lags,1594.0,1438.675205483432,4,-155.3247945165681,155.3247945165681
2025-4_Lags 2,Lags,1594.0,1537.0014077715132,5,-56.998592228486814,56.998592228486814
2025-4_Lags 2,Lags,1594.0,1546.167557733033,6,-47.832442266967064,47.832442266967064
2025-4_Lags 2,Lags,1594.0,1535.796549652045,7,-58.20345034795491,58.20345034795491
2025-4_Lags 2,Lags,1594.0,1563.660787268451,8,-30.33921273154897,30.33921273154897
2025-4_Lags 2,Lags,1594.0,1565.5651297112045,9,-28.434870288795537,28.434870288795537
2025-4_Lags 2,Lags,1594.0,1568.563086307293,10,-25.436913692707094,25.436913692707094
2025-4_Lags 2,Lags,1594.0,1571.5334750286956,11,-22.466524971304352,22.466524971304352
2025-4_Lags 2,Lags,1594.0,1571.5334750286956,12,-22.466524971304352,22.466524971304352
2025-4_Lags 2,Lags,1594.0,1571.9488857709937,13,-22.051114229006316,22.051114229006316
2025-4_Lags 2,Lags,1594.0,1570.4939687672488,14,-23.506031232751184,23.506031232751184
2025-4_Lags 2,Lags,1594.0,1578.106263536099,15,-15.89373646390095,15.89373646390095
2025-4_Lags 2,Lags,1594.0,1565.1741053664912,16,-28.825894633508824,28.825894633508824
2025-4_Lags 2,Lags,1594.0,1548.5256075974603,17,-45.474392402539706,45.474392402539706
2025-4_Lags 2,Lags,1594.0,1553.1113314010524,18,-40.88866859894756,40.88866859894756
2025-4_Lags 2,Lags,1594.0,1547.6201891853143,19,-46.3798108146857,46.3798108146857
2025-4_Lags 2,Lags,1594.0,1529.586302698794,20,-64.41369730120596,64.41369730120596
2025-4_Lags 2,Lags,1594.0,1525.3497771875873,21,-68.65022281241272,68.65022281241272
2025-4_Tags 1,Tags,1441.5,1429.2027586442696,1,-12.29724135573042,12.29724135573042
2025-4_Tags 1,Tags,1441.5,1485.5143577524902,2,44.01435775249024,44.01435775249024
2025-4_Tags 1,Tags,1441.5,1550.3112670076546,3,108.81126700765458,108.81126700765458
2025-4_Tags 1,Tags,1441.5,1536.375879093786,4,94.8758790937859,94.8758790937859
2025-4_Tags 1,Tags,1441.5,1556.1546944852032,5,114.65469448520321,114.65469448520321
2025-4_Tags 1,Tags,1441.5,1549.972362957597,6,108.47236295759694,108.47236295759694
2025-4_Tags 1,Tags,1441.5,1366.0028136544386,7,-75.49718634556143,75.49718634556143
2025-4_Tags 1,Tags,1441.5,1369.5558564975722,8,-71.94414350242778,71.94414350242778
2025-4_Tags 1,Tags,1441.5,1371.1553856958512,9,-70.34461430414876,70.34461430414876
2025-4_Tags 1,Tags,1441.5,1365.7160661092855,10,-75.78393389071448,75.78393389071448
2025-4_Tags 1,Tags,1441.5,1365.7160661092855,11,-75.78393389071448,75.78393389071448
2025-4_Tags 1,Tags,1441.5,1369.5558564975722,12,-71.94414350242778,71.94414350242778
2025-4_Tags 1,Tags,1441.5,1371.1553856958512,13,-70.34461430414876,70.34461430414876
2025-4_Tags 1,Tags,1441.5,1322.830260961049,14,-118.66973903895109,118.66973903895109
2025-4_Tags 1,Tags,1441.5,1369.5558564975722,15,-71.94414350242778,71.94414350242778
2025-4_Tags 1,Tags,1441.5,1321.2307317627697,16,-120.26926823723034,120.26926823723034
2025-4_Tags 1,Tags,1441.5,1303.439232704998,17,-138.06076729500205,138.06076729500205
2025-4_Tags 1,Tags,1441.5,1307.2171740431131,18,-134.28282595688688,134.28282595688688
2025-4_Tags 1,Tags,1441.5,1301.777854456548,19,-139.72214554345192,139.72214554345192
2025-4_Tags 1,Tags,1441.5,1301.777854456548,20,-139.72214554345192,139.72214554345192
2025-4_Tags 1,Tags,1441.5,1315.2496552440984,21,-126.25034475590155,126.25034475590155
2025-4_Tags 2,Tags,1450.0400000000002,1629.6806472571614,1,179.64064725716116,179.64064725716116
2025-4_Tags 2,Tags,1450.0400000000002,1510.945887434195,2,60.90588743419471,60.90588743419471
2025-4_Tags 2,Tags,1450.0400000000002,1513.5506019986924,3,63.51060199869221,63.51060199869221
2025-4_Tags 2,Tags,1450.0400000000002,1516.4081215277815,4,66.36812152778134,66.36812152778134
2025-4_Tags 2,Tags,1450.0400000000002,1516.4081215277815,5,66.36812152778134,66.36812152778134
2025-4_Tags 2,Tags,1450.0400000000002,1526.906182574243,6,76.86618257424288,76.86618257424288
2025-4_Tags 2,Tags,1450.0400000000002,1480.3268066985408,7,30.28680669854066,30.28680669854066
2025-4_Tags 2,Tags,1450.0400000000002,1481.439963706007,8,31.3999637060067,31.3999637060067
2025-4_Tags 2,Tags,1450.0400000000002,1480.983743054647,9,30.943743054646802,30.943743054646802
2025-4_Tags 2,Tags,1450.0400000000002,1482.4326853282275,10,32.392685328227344,32.392685328227344
2025-4_Tags 2,Tags,1450.0400000000002,1482.4326853282275,11,32.392685328227344,32.392685328227344
2025-4_Tags 2,Tags,1450.0400000000002,1482.4326853282275,12,32.392685328227344,32.392685328227344
2025-4_Tags 2,Tags,1450.0400000000002,1482.4326853282275,13,32.392685328227344,32.392685328227344
2025-4_Tags 2,Tags,1450.0400000000002,1482.4326853282275,14,32.392685328227344,32.392685328227344
2025-4_Tags 2,Tags,1450.0400000000002,1482.4326853282275,15,32.392685328227344,32.392685328227344
2025-4_Tags 2,Tags,1450.0400000000002,1482.4326853282275,16,32.392685328227344,32.392685328227344
2025-4_Tags 2,Tags,1450.0400000000002,1482.4326853282275,17,32.392685328227344,32.392685328227344
2025-4_Tags 2,Tags,1450.0400000000002,1485.9604213548696,18,35.920421354869404,35.920421354869404
2025-4_Tags 2,Tags,1450.0400000000002,1485.9604213548696,19,35.920421354869404,35.920421354869404
2025-4_Tags 2,Tags,1450.0400000000002,1485.9604213548696,20,35.920421354869404,35.920421354869404
2025-4_Tags 2,Tags,1450.0400000000002,1485.9604213548696,21,35.920421354869404,35.920421354869404
2025-4_Tags 3,Tags,1293.12,1567.2861473988369,1,274.166147398837,274.166147398837
2025-4_Tags 3,Tags,1293.12,1631.3344083661043,2,338.2144083661044,338.2144083661044
2025-4_Tags 3,Tags,1293.12,1638.7015994858657,3,345.5815994858658,345.5815994858658
2025-4_Tags 3,Tags,1293.12,1642.0798154292706,4,348.95981542927075,348.95981542927075
2025-4_Tags 3,Tags,1293.12,1631.8291801949904,5,338.7091801949905,338.7091801949905
2025-4_Tags 3,Tags,1293.12,1626.6605327905838,6,333.54053279058394,333.54053279058394
2025-4_Tags 3,Tags,1293.12,1487.635432402929,7,194.51543240292904,194.51543240292904
2025-4_Tags 3,Tags,1293.12,1509.5410256910045,8,216.42102569100462,216.42102569100462
2025-4_Tags 3,Tags,1293.12,1509.5410256910045,9,216.42102569100462,216.42102569100462
2025-4_Tags 3,Tags,1293.12,1509.5410256910045,10,216.42102569100462,216.42102569100462
2025-4_Tags 3,Tags,1293.12,1509.5410256910045,11,216.42102569100462,216.42102569100462
2025-4_Tags 3,Tags,1293.12,1505.357965603975,12,212.237965603975,212.237965603975
2025-4_Tags 3,Tags,1293.12,1505.357965603975,13,212.237965603975,212.237965603975
2025-4_Tags 3,Tags,1293.12,1487.9121333480202,14,194.79213334802034,194.79213334802034
2025-4_Tags 3,Tags,1293.12,1504.8021726029092,15,211.6821726029093,211.6821726029093
2025-4_Tags 3,Tags,1293.12,1458.7857905970288,16,165.66579059702894,165.66579059702894
2025-4_Tags 3,Tags,1293.12,1465.5010888691186,17,172.38108886911868,172.38108886911868
2025-4_Tags 3,Tags,1293.12,1463.403523192279,18,170.28352319227906,170.28352319227906
2025-4_Tags 3,Tags,1293.12,1463.403523192279,19,170.28352319227906,170.28352319227906
2025-4_Tags 3,Tags,1293.12,1463.403523192279,20,170.28352319227906,170.28352319227906
2025-4_Tags 3,Tags,1293.12,1461.0823632316478,21,167.96236323164794,167.96236323164794
2025-5_Lags 1,Lags,1306.0,1608.5708020033985,1,302.5708020033985,302.5708020033985
2025-5_Lags 1,Lags,1306.0,1541.3693510169724,2,235.36935101697236,235.36935101697236
2025-5_Lags 1,Lags,1306.0,1453.0182413913087,3,147.01824139130872,147.01824139130872
2025-5_Lags 1,Lags,1306.0,1456.6543662068218,4,150.6543662068218,150.6543662068218
2025-5_Lags 1,Lags,1306.0,1458.8348395763494,5,152.8348395763494,152.8348395763494
2025-5_Lags 1,Lags,1306.0,1460.9124245929636,6,154.9124245929636,154.9124245929636
2025-5_Lags 1,Lags,1306.0,1392.4220775507692,7,86.42207755076925,86.42207755076925
2025-5_Lags 1,Lags,1306.0,1421.3222622084531,8,115.32226220845314,115.32226220845314
2025-5_Lags 1,Lags,1306.0,1415.1380858699638,9,109.13808586996379,109.13808586996379
2025-5_Lags 1,Lags,1306.0,1415.6481964010495,10,109.64819640104952,109.64819640104952
2025-5_Lags 1,Lags,1306.0,1416.0914610999034,11,110.09146109990343,110.09146109990343
2025-5_Lags 1,Lags,1306.0,1383.7091049659275,12,77.70910496592751,77.70910496592751
2025-5_Lags 1,Lags,1306.0,1330.0589122107226,13,24.05891221072261,24.05891221072261
2025-5_Lags 1,Lags,1306.0,1319.955370693268,14,13.955370693267923,13.955370693267923
2025-5_Lags 1,Lags,1306.0,1335.6255500204895,15,29.625550020489527,29.625550020489527
2025-5_Lags 1,Lags,1306.0,1353.7947377261962,16,47.79473772619622,47.79473772619622
2025-5_Lags 1,Lags,1306.0,1386.1770938601726,17,80.17709386017259,80.17709386017259
2025-5_Lags 1,Lags,1306.0,1402.5783794909694,18,96.57837949096938,96.57837949096938
2025-5_Lags 1,Lags,1306.0,1429.7691852899118,19,123.76918528991177,123.76918528991177
2025-5_Lags 1,Lags,1306.0,1457.3880031192691,20,151.38800311926911,151.38800311926911
2025-5_Lags 1,Lags,1306.0,1464.2838432909184,21,158.2838432909184,158.2838432909184
2025-5_Lags 2,Lags,1176.0,1625.4136697492704,1,449.4136697492704,449.4136697492704
2025-5_Lags 2,Lags,1176.0,1633.177071440724,2,457.1770714407239,457.1770714407239
2025-5_Lags 2,Lags,1176.0,1623.5844014382333,3,447.5844014382333,447.5844014382333
2025-5_Lags 2,Lags,1176.0,1568.426464245277,4,392.426464245277,392.426464245277
2025-5_Lags 2,Lags,1176.0,1545.0222290378815,5,369.0222290378815,369.0222290378815
2025-5_Lags 2,Lags,1176.0,1547.0925374033732,6,371.09253740337317,371.09253740337317
2025-5_Lags 2,Lags,1176.0,1369.24073271732,7,193.24073271732004,193.24073271732004
2025-5_Lags 2,Lags,1176.0,1307.217727438807,8,131.21772743880706,131.21772743880706
2025-5_Lags 2,Lags,1176.0,1333.2512907871264,9,157.25129078712644,157.25129078712644
2025-5_Lags 2,Lags,1176.0,1284.61263394616,10,108.61263394616003,108.61263394616003
2025-5_Lags 2,Lags,1176.0,1312.564833631082,11,136.5648336310819,136.5648336310819
2025-5_Lags 2,Lags,1176.0,1284.3310009371571,12,108.33100093715711,108.33100093715711
2025-5_Lags 2,Lags,1176.0,1289.5471302251224,13,113.54713022512237,113.54713022512237
2025-5_Lags 2,Lags,1176.0,1289.0408458362776,14,113.04084583627764,113.04084583627764
2025-5_Lags 2,Lags,1176.0,1290.422967441728,15,114.4229674417279,114.4229674417279
2025-5_Lags 2,Lags,1176.0,1290.422967441728,16,114.4229674417279,114.4229674417279
2025-5_Lags 2,Lags,1176.0,1281.2147285072097,17,105.21472850720966,105.21472850720966
2025-5_Lags 2,Lags,1176.0,1301.452664635903,18,125.45266463590292,125.45266463590292
2025-5_Lags 2,Lags,1176.0,1307.2578303119635,19,131.25783031196352,131.25783031196352
2025-5_Lags 2,Lags,1176.0,1280.5659001089325,20,104.56590010893251,104.56590010893251
2025-5_Lags 2,Lags,1176.0,1268.2798599236442,21,92.27985992364415,92.27985992364415
2025-5_Lags 3,Lags,1182.0,1488.5824788027896,1,306.58247880278964,306.58247880278964
2025-5_Lags 3,Lags,1182.0,1490.4383261238647,2,308.4383261238647,308.4383261238647
2025-5_Lags 3,Lags,1182.0,1499.715859383612,3,317.71585938361204,317.71585938361204
2025-5_Lags 3,Lags,1182.0,1499.715859383612,4,317.71585938361204,317.71585938361204
2025-5_Lags 3,Lags,1182.0,1500.8178658929835,5,318.8178658929835,318.8178658929835
2025-5_Lags 3,Lags,1182.0,1500.8178658929835,6,318.8178658929835,318.8178658929835
2025-5_Lags 3,Lags,1182.0,1358.8259478988848,7,176.8259478988848,176.8259478988848
2025-5_Lags 3,Lags,1182.0,1282.423959524393,8,100.42395952439301,100.42395952439301
2025-5_Lags 3,Lags,1182.0,1242.032848189587,9,60.03284818958696,60.03284818958696
2025-5_Lags 3,Lags,1182.0,1247.597419700831,10,65.5974197008311,65.5974197008311
2025-5_Lags 3,Lags,1182.0,1242.3476579057165,11,60.34765790571646,60.34765790571646
2025-5_Lags 3,Lags,1182.0,1230.2342957626097,12,48.23429576260969,48.23429576260969
2025-5_Lags 3,Lags,1182.0,1238.1318590016192,13,56.131859001619205,56.131859001619205
2025-5_Lags 3,Lags,1182.0,1230.2342957626097,14,48.23429576260969,48.23429576260969
2025-5_Lags 3,Lags,1182.0,1241.109933711395,15,59.10993371139489,59.10993371139489
2025-5_Lags 3,Lags,1182.0,1241.109933711395,16,59.10993371139489,59.10993371139489
2025-5_Lags 3,Lags,1182.0,1263.2009668231756,17,81.20096682317558,81.20096682317558
2025-5_Lags 3,Lags,1182.0,1246.6371717015186,18,64.63717170151858,64.63717170151858
2025-5_Lags 3,Lags,1182.0,1248.277164362633,19,66.2771643626329,66.2771643626329
2025-5_Lags 3,Lags,1182.0,1250.5161679587611,20,68.51616795876112,68.51616795876112
2025-5_Lags 3,Lags,1182.0,1250.5161679587611,21,68.51616795876112,68.51616795876112
2025-5_Tags 1,Tags,1702.0,1534.6853931323,1,-167.31460686769992,167.31460686769992
2025-5_Tags 1,Tags,1702.0,1583.7435158144465,2,-118.25648418555352,118.25648418555352
2025-5_Tags 1,Tags,1702.0,1574.2000847236525,3,-127.79991527634752,127.79991527634752
2025-5_Tags 1,Tags,1702.0,1595.2835230849887,4,-106.7164769150113,106.7164769150113
2025-5_Tags 1,Tags,1702.0,1604.479353884709,5,-97.5206461152909,97.5206461152909
2025-5_Tags 1,Tags,1702.0,1536.6235843743102,6,-165.3764156256898,165.3764156256898
2025-5_Tags 1,Tags,1702.0,1540.5243134886489,7,-161.4756865113511,161.4756865113511
2025-5_Tags 1,Tags,1702.0,1540.5243134886489,8,-161.4756865113511,161.4756865113511
2025-5_Tags 1,Tags,1702.0,1540.5243134886489,9,-161.4756865113511,161.4756865113511
2025-5_Tags 1,Tags,1702.0,1535.0777149031674,10,-166.92228509683264,166.92228509683264
2025-5_Tags 1,Tags,1702.0,1532.0123424961048,11,-169.9876575038952,169.9876575038952
2025-5_Tags 1,Tags,1702.0,1535.6833511053635,12,-166.3166488946365,166.3166488946365
2025-5_Tags 1,Tags,1702.0,1539.09015714089,13,-162.90984285911009,162.90984285911009
2025-5_Tags 1,Tags,1702.0,1501.99998954984,14,-200.00001045016006,200.00001045016006
2025-5_Tags 1,Tags,1702.0,1542.844089520613,15,-159.1559104793871,159.1559104793871
2025-5_Tags 1,Tags,1702.0,1539.3072611982043,16,-162.6927388017957,162.6927388017957
2025-5_Tags 1,Tags,1702.0,1542.844089520613,17,-159.1559104793871,159.1559104793871
2025-5_Tags 1,Tags,1702.0,1550.2437254882864,18,-151.75627451171363,151.75627451171363
2025-5_Tags 1,Tags,1702.0,1550.2437254882864,19,-151.75627451171363,151.75627451171363
2025-5_Tags 1,Tags,1702.0,1560.0679811361804,20,-141.93201886381962,141.93201886381962
2025-5_Tags 1,Tags,1702.0,1553.7558181965842,21,-148.2441818034158,148.2441818034158
2025-5_Tags 2,Tags,1776.0,1578.6860717575955,1,-197.31392824240447,197.31392824240447
2025-5_Tags 2,Tags,1776.0,1593.7530442522243,2,-182.2469557477757,182.2469557477757
2025-5_Tags 2,Tags,1776.0,1589.8593382423187,3,-186.1406617576813,186.1406617576813
2025-5_Tags 2,Tags,1776.0,1589.8593382423187,4,-186.1406617576813,186.1406617576813
2025-5_Tags 2,Tags,1776.0,1593.8770956057383,5,-182.1229043942617,182.1229043942617
2025-5_Tags 2,Tags,1776.0,1593.8770956057383,6,-182.1229043942617,182.1229043942617
2025-5_Tags 2,Tags,1776.0,1598.9427474565657,7,-177.0572525434343,177.0572525434343
2025-5_Tags 2,Tags,1776.0,1607.2436318760788,8,-168.75636812392122,168.75636812392122
2025-5_Tags 2,Tags,1776.0,1611.6204746468911,9,-164.37952535310887,164.37952535310887
2025-5_Tags 2,Tags,1776.0,1615.207776662662,10,-160.7922233373381,160.7922233373381
2025-5_Tags 2,Tags,1776.0,1612.6087465552423,11,-163.3912534447577,163.3912534447577
2025-5_Tags 2,Tags,1776.0,1618.8496921743226,12,-157.15030782567737,157.15030782567737
2025-5_Tags 2,Tags,1776.0,1570.4055175280662,13,-205.59448247193382,205.59448247193382
2025-5_Tags 2,Tags,1776.0,1590.2353326737564,14,-185.76466732624363,185.76466732624363
2025-5_Tags 2,Tags,1776.0,1621.034897342533,15,-154.965102657467,154.965102657467
2025-5_Tags 2,Tags,1776.0,1611.8543901196113,16,-164.14560988038875,164.14560988038875
2025-5_Tags 2,Tags,1776.0,1618.0953357386911,17,-157.90466426130888,157.90466426130888
2025-5_Tags 2,Tags,1776.0,1618.0953357386911,18,-157.90466426130888,157.90466426130888
2025-5_Tags 2,Tags,1776.0,1618.0953357386911,19,-157.90466426130888,157.90466426130888
2025-5_Tags 2,Tags,1776.0,1585.6205585409923,20,-190.3794414590077,190.3794414590077
2025-5_Tags 2,Tags,1776.0,1618.0953357386911,21,-157.90466426130888,157.90466426130888
2025-5_Tags 3,Tags,1738.0,1590.175804749869,1,-147.82419525013097,147.82419525013097
2025-5_Tags 3,Tags,1738.0,1599.2015336533468,2,-138.79846634665319,138.79846634665319
2025-5_Tags 3,Tags,1738.0,1600.940705950188,3,-137.05929404981202,137.05929404981202
2025-5_Tags 3,Tags,1738.0,1615.153646466206,4,-122.84635353379394,122.84635353379394
2025-5_Tags 3,Tags,1738.0,1620.1086747352465,5,-117.8913252647535,117.8913252647535
2025-5_Tags 3,Tags,1738.0,1631.0520915489842,6,-106.94790845101579,106.94790845101579
2025-5_Tags 3,Tags,1738.0,1632.736185137265,7,-105.26381486273499,105.26381486273499
2025-5_Tags 3,Tags,1738.0,1636.330622271936,8,-101.66937772806409,101.66937772806409
2025-5_Tags 3,Tags,1738.0,1642.7459024664308,9,-95.25409753356917,95.25409753356917
2025-5_Tags 3,Tags,1738.0,1671.2830380104597,10,-66.71696198954032,66.71696198954032
2025-5_Tags 3,Tags,1738.0,1679.6169388853837,11,-58.38306111461634,58.38306111461634
2025-5_Tags 3,Tags,1738.0,1685.3038343127678,12,-52.696165687232224,52.696165687232224
2025-5_Tags 3,Tags,1738.0,1677.5033403863006,13,-60.49665961369942,60.49665961369942
2025-5_Tags 3,Tags,1738.0,1680.2345087059102,14,-57.76549129408977,57.76549129408977
2025-5_Tags 3,Tags,1738.0,1676.4054676029368,15,-61.594532397063176,61.594532397063176
2025-5_Tags 3,Tags,1738.0,1672.4013963405205,16,-65.59860365947952,65.59860365947952
2025-5_Tags 3,Tags,1738.0,1661.6034719474353,17,-76.39652805256469,76.39652805256469
2025-5_Tags 3,Tags,1738.0,1661.6034719474353,18,-76.39652805256469,76.39652805256469
2025-5_Tags 3,Tags,1738.0,1665.3888028949589,19,-72.61119710504113,72.61119710504113
2025-5_Tags 3,Tags,1738.0,1649.6575489562983,20,-88.34245104370166,88.34245104370166
2025-5_Tags 3,Tags,1738.0,1660.5454043249763,21,-77.45459567502371,77.45459567502371
2026-1_Lags 1,Lags,1605.9999999999998,1421.0488872091553,1,-184.9511127908445,184.9511127908445
2026-1_Lags 1,Lags,1605.9999999999998,1435.4375052025898,2,-170.56249479740995,170.56249479740995
2026-1_Lags 1,Lags,1605.9999999999998,1536.943323162595,3,-69.05667683740467,69.05667683740467
2026-1_Lags 1,Lags,1605.9999999999998,1535.1633008026586,4,-70.8366991973412,70.8366991973412
2026-1_Lags 1,Lags,1605.9999999999998,1529.1622469675324,5,-76.83775303246739,76.83775303246739
2026-1_Lags 1,Lags,1605.9999999999998,1505.343161757966,6,-100.6568382420337,100.6568382420337
2026-1_Lags 1,Lags,1605.9999999999998,1537.4635714671174,7,-68.53642853288238,68.53642853288238
2026-1_Lags 1,Lags,1605.9999999999998,1585.2862554340852,8,-20.713744565914567,20.713744565914567
2026-1_Lags 1,Lags,1605.9999999999998,1644.865739075865,9,38.86573907586512,38.86573907586512
2026-1_Lags 1,Lags,1605.9999999999998,1645.3658430709158,10,39.36584307091607,39.36584307091607
2026-1_Lags 1,Lags,1605.9999999999998,1646.7473396818737,11,40.74733968187388,40.74733968187388
2026-1_Lags 1,Lags,1605.9999999999998,1665.1548242352326,12,59.15482423523281,59.15482423523281
2026-1_Lags 1,Lags,1605.9999999999998,1657.628258619363,13,51.62825861936312,51.62825861936312
2026-1_Lags 1,Lags,1605.9999999999998,1667.147570250133,14,61.147570250133185,61.147570250133185
2026-1_Lags 1,Lags,1605.9999999999998,1667.9758442316047,15,61.975844231604924,61.975844231604924
2026-1_Lags 1,Lags,1605.9999999999998,1668.4068371761891,16,62.406837176189356,62.406837176189356
2026-1_Lags 1,Lags,1605.9999999999998,1671.8811373485942,17,65.8811373485944,65.8811373485944
2026-1_Lags 1,Lags,1605.9999999999998,1677.05304044657,18,71.05304044657032,71.05304044657032
2026-1_Lags 1,Lags,1605.9999999999998,1675.7444874056691,19,69.74448740566936,69.74448740566936
2026-1_Lags 1,Lags,1605.9999999999998,1677.2177210815416,20,71.21772108154187,71.21772108154187
2026-1_Lags 1,Lags,1605.9999999999998,1683.2710530215386,21,77.27105302153882,77.27105302153882
2026-1_Lags 2,Lags,1972.0,1409.7096839435865,1,-562.2903160564135,562.2903160564135
2026-1_Lags 2,Lags,1972.0,1476.224338892453,2,-495.77566110754697,495.77566110754697
2026-1_Lags 2,Lags,1972.0,1487.3247665485626,3,-484.6752334514374,484.6752334514374
2026-1_Lags 2,Lags,1972.0,1434.0866594736617,4,-537.9133405263383,537.9133405263383
2026-1_Lags 2,Lags,1972.0,1430.6041117319437,5,-541.3958882680563,541.3958882680563
2026-1_Lags 2,Lags,1972.0,1435.121185635039,6,-536.878814364961,536.878814364961
2026-1_Lags 2,Lags,1972.0,1437.568128612044,7,-534.4318713879561,534.4318713879561
2026-1_Lags 2,Lags,1972.0,1440.8538297439154,8,-531.1461702560846,531.1461702560846
2026-1_Lags 2,Lags,1972.0,1443.500824992265,9,-528.499175007735,528.499175007735
2026-1_Lags 2,Lags,1972.0,1467.0992028951075,10,-504.9007971048925,504.9007971048925
2026-1_Lags 2,Lags,1972.0,1466.395160287689,11,-505.6048397123111,505.6048397123111
2026-1_Lags 2,Lags,1972.0,1479.2869938701608,12,-492.7130061298392,492.7130061298392
2026-1_Lags 2,Lags,1972.0,1479.281416145387,13,-492.7185838546129,492.7185838546129
2026-1_Lags 2,Lags,1972.0,1478.6948962052252,14,-493.3051037947748,493.3051037947748
2026-1_Lags 2,Lags,1972.0,1498.8281821735804,15,-473.17181782641956,473.17181782641956
2026-1_Lags 2,Lags,1972.0,1499.3280134881425,16,-472.67198651185754,472.67198651185754
2026-1_Lags 2,Lags,1972.0,1521.0452642322375,17,-450.9547357677625,450.9547357677625
2026-1_Lags 2,Lags,1972.0,1537.2305850288435,18,-434.7694149711565,434.7694149711565
2026-1_Lags 2,Lags,1972.0,1541.4507492759506,19,-430.54925072404944,430.54925072404944
2026-1_Lags 2,Lags,1972.0,1539.2675574144782,20,-432.73244258552177,432.73244258552177
2026-1_Lags 2,Lags,1972.0,1537.6646029148958,21,-434.3353970851042,434.3353970851042
2026-1_Lags 3,Lags,1691.4399999999998,1507.5183031234658,1,-183.92169687653404,183.92169687653404
2026-1_Lags 3,Lags,1691.4399999999998,1507.5183031234658,2,-183.92169687653404,183.92169687653404
2026-1_Lags 3,Lags,1691.4399999999998,1462.7468970470245,3,-228.69310295297532,228.69310295297532
2026-1_Lags 3,Lags,1691.4399999999998,1512.6991098308554,4,-178.74089016914445,178.74089016914445
2026-1_Lags 3,Lags,1691.4399999999998,1513.784279872376,5,-177.6557201276239,177.6557201276239
2026-1_Lags 3,Lags,1691.4399999999998,1515.7518421597224,6,-175.68815784027743,175.68815784027743
2026-1_Lags 3,Lags,1691.4399999999998,1513.031009565211,7,-178.40899043478885,178.40899043478885
2026-1_Lags 3,Lags,1691.4399999999998,1522.7666812628297,8,-168.67331873717012,168.67331873717012
2026-1_Lags 3,Lags,1691.4399999999998,1523.1882795911442,9,-168.2517204088556,168.2517204088556
2026-1_Lags 3,Lags,1691.4399999999998,1483.1992384875816,10,-208.2407615124182,208.2407615124182
2026-1_Lags 3,Lags,1691.4399999999998,1497.647266235984,11,-193.7927337640158,193.7927337640158
2026-1_Lags 3,Lags,1691.4399999999998,1489.7537438252982,12,-201.6862561747016,201.6862561747016
2026-1_Lags 3,Lags,1691.4399999999998,1477.315880111424,13,-214.12411988857593,214.12411988857593
2026-1_Lags 3,Lags,1691.4399999999998,1474.6759430521015,14,-216.76405694789833,216.76405694789833
2026-1_Lags 3,Lags,1691.4399999999998,1482.7654838552758,15,-208.67451614472407,208.67451614472407
2026-1_Lags 3,Lags,1691.4399999999998,1482.7654838552758,16,-208.67451614472407,208.67451614472407
2026-1_Lags 3,Lags,1691.4399999999998,1494.0892639534438,17,-197.350736046556,197.350736046556
2026-1_Lags 3,Lags,1691.4399999999998,1494.0892639534438,18,-197.350736046556,197.350736046556
2026-1_Lags 3,Lags,1691.4399999999998,1494.0892639534438,19,-197.350736046556,197.350736046556
2026-1_Lags 3,Lags,1691.4399999999998,1494.0892639534438,20,-197.350736046556,197.350736046556
2026-1_Lags 3,Lags,1691.4399999999998,1499.6063402631037,21,-191.83365973689615,191.83365973689615
2026-1_Tags 1,Tags,1446.68,1695.648510166374,1,248.96851016637402,248.96851016637402
2026-1_Tags 1,Tags,1446.68,1640.226339982253,2,193.5463399822529,193.5463399822529
2026-1_Tags 1,Tags,1446.68,1705.011854753641,3,258.331854753641,258.331854753641
2026-1_Tags 1,Tags,1446.68,1681.045379360267,4,234.36537936026684,234.36537936026684
2026-1_Tags 1,Tags,1446.68,1687.6942666183531,5,241.01426661835308,241.01426661835308
2026-1_Tags 1,Tags,1446.68,1678.159470363125,6,231.47947036312485,231.47947036312485
2026-1_Tags 1,Tags,1446.68,1689.9848786511309,7,243.30487865113082,243.30487865113082
2026-1_Tags 1,Tags,1446.68,1709.2871928989946,8,262.6071928989945,262.6071928989945
2026-1_Tags 1,Tags,1446.68,1705.0174808218526,9,258.3374808218525,258.3374808218525
2026-1_Tags 1,Tags,1446.68,1705.6759985219974,10,258.9959985219973,258.9959985219973
2026-1_Tags 1,Tags,1446.68,1705.2889798068643,11,258.6089798068642,258.6089798068642
2026-1_Tags 1,Tags,1446.68,1704.2230223527897,12,257.54302235278965,257.54302235278965
2026-1_Tags 1,Tags,1446.68,1705.0174808218526,13,258.3374808218525,258.3374808218525
2026-1_Tags 1,Tags,1446.68,1705.081691808255,14,258.401691808255,258.401691808255
2026-1_Tags 1,Tags,1446.68,1704.6656295191992,15,257.98562951919916,257.98562951919916
2026-1_Tags 1,Tags,1446.68,1700.7955509522044,16,254.11555095220433,254.11555095220433
2026-1_Tags 1,Tags,1446.68,1700.7955509522044,17,254.11555095220433,254.11555095220433
2026-1_Tags 1,Tags,1446.68,1703.3724349636905,18,256.6924349636904,256.6924349636904
2026-1_Tags 1,Tags,1446.68,1703.3724349636905,19,256.6924349636904,256.6924349636904
2026-1_Tags 1,Tags,1446.68,1703.6439339487022,20,256.9639339487021,256.9639339487021
2026-1_Tags 1,Tags,1446.68,1703.3724349636905,21,256.6924349636904,256.6924349636904
2026-1_Tags 2,Tags,1550.16,1616.8466532637449,1,66.6866532637448,66.6866532637448
2026-1_Tags 2,Tags,1550.16,1588.2102922170332,2,38.050292217033075,38.050292217033075
2026-1_Tags 2,Tags,1550.16,1660.470897546023,3,110.31089754602294,110.31089754602294
2026-1_Tags 2,Tags,1550.16,1663.658636762782,4,113.49863676278187,113.49863676278187
2026-1_Tags 2,Tags,1550.16,1669.5479609084643,5,119.38796090846427,119.38796090846427
2026-1_Tags 2,Tags,1550.16,1670.575643419882,6,120.41564341988192,120.41564341988192
2026-1_Tags 2,Tags,1550.16,1677.4341721887668,7,127.27417218876667,127.27417218876667
2026-1_Tags 2,Tags,1550.16,1677.4341721887668,8,127.27417218876667,127.27417218876667
2026-1_Tags 2,Tags,1550.16,1573.6437445952818,9,23.483744595281678,23.483744595281678
2026-1_Tags 2,Tags,1550.16,1573.6437445952818,10,23.483744595281678,23.483744595281678
2026-1_Tags 2,Tags,1550.16,1538.8699688247937,11,-11.290031175206423,11.290031175206423
2026-1_Tags 2,Tags,1550.16,1539.8515694768057,12,-10.308430523194374,10.308430523194374
2026-1_Tags 2,Tags,1550.16,1539.8515694768057,13,-10.308430523194374,10.308430523194374
2026-1_Tags 2,Tags,1550.16,1539.8515694768057,14,-10.308430523194374,10.308430523194374
2026-1_Tags 2,Tags,1550.16,1539.8515694768057,15,-10.308430523194374,10.308430523194374
2026-1_Tags 2,Tags,1550.16,1539.8515694768057,16,-10.308430523194374,10.308430523194374
2026-1_Tags 2,Tags,1550.16,1539.8515694768057,17,-10.308430523194374,10.308430523194374
2026-1_Tags 2,Tags,1550.16,1539.8515694768057,18,-10.308430523194374,10.308430523194374
2026-1_Tags 2,Tags,1550.16,1539.8515694768057,19,-10.308430523194374,10.308430523194374
2026-1_Tags 2,Tags,1550.16,1539.8515694768057,20,-10.308430523194374,10.308430523194374
2026-1_Tags 2,Tags,1550.16,1539.8515694768057,21,-10.308430523194374,10.308430523194374
2026-1_Tags 3,Tags,1691.4399999999998,1515.9977388210643,1,-175.4422611789355,175.4422611789355
2026-1_Tags 3,Tags,1691.4399999999998,1580.1195035673124,2,-111.32049643268738,111.32049643268738
2026-1_Tags 3,Tags,1691.4399999999998,1589.8898234721632,3,-101.55017652783658,101.55017652783658
2026-1_Tags 3,Tags,1691.4399999999998,1519.9637821690794,4,-171.4762178309204,171.4762178309204
2026-1_Tags 3,Tags,1691.4399999999998,1534.038116595522,5,-157.40188340447776,157.40188340447776
2026-1_Tags 3,Tags,1691.4399999999998,1520.7325622296694,6,-170.70743777033044,170.70743777033044
2026-1_Tags 3,Tags,1691.4399999999998,1508.2509245824904,7,-183.18907541750946,183.18907541750946
2026-1_Tags 3,Tags,1691.4399999999998,1521.3224516682992,8,-170.11754833170062,170.11754833170062
2026-1_Tags 3,Tags,1691.4399999999998,1526.2069037951658,9,-165.23309620483406,165.23309620483406
2026-1_Tags 3,Tags,1691.4399999999998,1525.0821978399629,10,-166.35780216003695,166.35780216003695
2026-1_Tags 3,Tags,1691.4399999999998,1528.1022808562304,11,-163.3377191437694,163.3377191437694
2026-1_Tags 3,Tags,1691.4399999999998,1512.7226699370688,12,-178.71733006293107,178.71733006293107
2026-1_Tags 3,Tags,1691.4399999999998,1524.5722519082158,13,-166.86774809178405,166.86774809178405
2026-1_Tags 3,Tags,1691.4399999999998,1523.2592495269655,14,-168.18075047303432,168.18075047303432
2026-1_Tags 3,Tags,1691.4399999999998,1525.5252297814327,15,-165.91477021856713,165.91477021856713
2026-1_Tags 3,Tags,1691.4399999999998,1525.7486846742183,16,-165.6913153257815,165.6913153257815
2026-1_Tags 3,Tags,1691.4399999999998,1521.0105782854391,17,-170.4294217145607,170.4294217145607
2026-1_Tags 3,Tags,1691.4399999999998,1520.7699555004444,18,-170.6700444995554,170.6700444995554
2026-1_Tags 3,Tags,1691.4399999999998,1520.7496043910016,19,-170.6903956089982,170.6903956089982
2026-1_Tags 3,Tags,1691.4399999999998,1521.058370759001,20,-170.3816292409988,170.3816292409988
2026-1_Tags 3,Tags,1691.4399999999998,1520.7496043910016,21,-170.6903956089982,170.6903956089982
2026-2_Lags 1,Lags,1192.0,1481.9995515675623,1,289.9995515675623,289.9995515675623
2026-2_Lags 1,Lags,1192.0,1529.6135658790115,2,337.6135658790115,337.6135658790115
2026-2_Lags 1,Lags,1192.0,1414.2152388071495,3,222.2152388071495,222.2152388071495
2026-2_Lags 1,Lags,1192.0,1436.9791676532236,4,244.9791676532236,244.9791676532236
2026-2_Lags 1,Lags,1192.0,1438.1405996006526,5,246.14059960065265,246.14059960065265
2026-2_Lags 1,Lags,1192.0,1356.2480028831176,6,164.24800288311758,164.24800288311758
2026-2_Lags 1,Lags,1192.0,1341.3810049950923,7,149.38100499509233,149.38100499509233
2026-2_Lags 1,Lags,1192.0,1360.69463330473,8,168.6946333047299,168.6946333047299
2026-2_Lags 1,Lags,1192.0,1342.9063962657967,9,150.90639626579673,150.90639626579673
2026-2_Lags 1,Lags,1192.0,1304.5226239000008,10,112.52262390000078,112.52262390000078
2026-2_Lags 1,Lags,1192.0,1296.4921164268958,11,104.49211642689579,104.49211642689579
2026-2_Lags 1,Lags,1192.0,1309.8096737733526,12,117.80967377335264,117.80967377335264
2026-2_Lags 1,Lags,1192.0,1301.2331512034182,13,109.23315120341817,109.23315120341817
2026-2_Lags 1,Lags,1192.0,1306.5185721716884,14,114.51857217168845,114.51857217168845
2026-2_Lags 1,Lags,1192.0,1316.176940645252,15,124.17694064525199,124.17694064525199
2026-2_Lags 1,Lags,1192.0,1292.7178008111212,16,100.71780081112115,100.71780081112115
2026-2_Lags 1,Lags,1192.0,1270.4378197281403,17,78.43781972814031,78.43781972814031
2026-2_Lags 1,Lags,1192.0,1255.114003829595,18,63.11400382959505,63.11400382959505
2026-2_Lags 1,Lags,1192.0,1261.5102081339803,19,69.51020813398031,69.51020813398031
2026-2_Lags 1,Lags,1192.0,1266.417545690647,20,74.4175456906471,74.4175456906471
2026-2_Lags 1,Lags,1192.0,1266.417545690647,21,74.4175456906471,74.4175456906471
2026-2_Lags 2,Lags,1204.0,1329.297742790943,1,125.29774279094295,125.29774279094295
2026-2_Lags 2,Lags,1204.0,1302.5355428015469,2,98.53554280154685,98.53554280154685
2026-2_Lags 2,Lags,1204.0,1305.4373395487737,3,101.4373395487737,101.4373395487737
2026-2_Lags 2,Lags,1204.0,1308.275091337659,4,104.27509133765898,104.27509133765898
2026-2_Lags 2,Lags,1204.0,1303.441307620703,5,99.4413076207029,99.4413076207029
2026-2_Lags 2,Lags,1204.0,1304.804364188361,6,100.80436418836098,100.80436418836098
2026-2_Lags 2,Lags,1204.0,1312.3548601973598,7,108.35486019735981,108.35486019735981
2026-2_Lags 2,Lags,1204.0,1341.2809249578804,8,137.28092495788042,137.28092495788042
2026-2_Lags 2,Lags,1204.0,1329.5238658196347,9,125.5238658196347,125.5238658196347
2026-2_Lags 2,Lags,1204.0,1252.4324628612965,10,48.43246286129647,48.43246286129647
2026-2_Lags 2,Lags,1204.0,1272.0396615095578,11,68.03966150955785,68.03966150955785
2026-2_Lags 2,Lags,1204.0,1272.4119938604074,12,68.41199386040739,68.41199386040739
2026-2_Lags 2,Lags,1204.0,1252.4700903854125,13,48.470090385412504,48.470090385412504
2026-2_Lags 2,Lags,1204.0,1255.122286923715,14,51.12228692371491,51.12228692371491
2026-2_Lags 2,Lags,1204.0,1259.041018004352,15,55.041018004352054,55.041018004352054
2026-2_Lags 2,Lags,1204.0,1267.461800887534,16,63.46180088753408,63.46180088753408
2026-2_Lags 2,Lags,1204.0,1278.209933668264,17,74.20993366826406,74.20993366826406
2026-2_Lags 2,Lags,1204.0,1279.9887120511994,18,75.9887120511994,75.9887120511994
2026-2_Lags 2,Lags,1204.0,1302.9000238089918,19,98.90002380899182,98.90002380899182
2026-2_Lags 2,Lags,1204.0,1298.259306128851,20,94.259306128851,94.259306128851
2026-2_Lags 2,Lags,1204.0,1303.686255045634,21,99.68625504563397,99.68625504563397
2026-2_Lags 3,Lags,1078.0,1384.3013758595214,1,306.3013758595214,306.3013758595214
2026-2_Lags 3,Lags,1078.0,1381.5884574179784,2,303.58845741797836,303.58845741797836
2026-2_Lags 3,Lags,1078.0,1371.0165861878104,3,293.0165861878104,293.0165861878104
2026-2_Lags 3,Lags,1078.0,1373.2512066747393,4,295.25120667473925,295.25120667473925
2026-2_Lags 3,Lags,1078.0,1378.444047806426,5,300.44404780642594,300.44404780642594
2026-2_Lags 3,Lags,1078.0,1322.2354170791557,6,244.2354170791557,244.2354170791557
2026-2_Lags 3,Lags,1078.0,1316.614625948754,7,238.6146259487541,238.6146259487541
2026-2_Lags 3,Lags,1078.0,1452.2795024110278,8,374.2795024110278,374.2795024110278
2026-2_Lags 3,Lags,1078.0,1409.7237302295614,9,331.7237302295614,331.7237302295614
2026-2_Lags 3,Lags,1078.0,1414.404692226129,10,336.4046922261291,336.4046922261291
2026-2_Lags 3,Lags,1078.0,1416.3303102990233,11,338.33031029902327,338.33031029902327
2026-2_Lags 3,Lags,1078.0,1416.8096834471576,12,338.80968344715757,338.80968344715757
2026-2_Lags 3,Lags,1078.0,1447.9398174741373,13,369.93981747413727,369.93981747413727
2026-2_Lags 3,Lags,1078.0,1447.9398174741373,14,369.93981747413727,369.93981747413727
2026-2_Lags 3,Lags,1078.0,1446.523201212137,15,368.5232012121371,368.5232012121371
2026-2_Lags 3,Lags,1078.0,1440.399258932291,16,362.3992589322911,362.3992589322911
2026-2_Lags 3,Lags,1078.0,1444.995329656814,17,366.99532965681396,366.99532965681396
2026-2_Lags 3,Lags,1078.0,1435.2881459648293,18,357.28814596482925,357.28814596482925
2026-2_Lags 3,Lags,1078.0,1436.3675297945304,19,358.36752979453036,358.36752979453036
2026-2_Lags 3,Lags,1078.0,1440.3606696825611,20,362.36066968256114,362.36066968256114
2026-2_Lags 3,Lags,1078.0,1435.3736760809195,21,357.3736760809195,357.3736760809195
2026-2_Tags 1,Tags,1360.0,1626.231358411996,1,266.2313584119961,266.2313584119961
2026-2_Tags 1,Tags,1360.0,1558.9998716832647,2,198.9998716832647,198.9998716832647
2026-2_Tags 1,Tags,1360.0,1529.9287788816505,3,169.9287788816505,169.9287788816505
2026-2_Tags 1,Tags,1360.0,1540.4674462262244,4,180.4674462262244,180.4674462262244
2026-2_Tags 1,Tags,1360.0,1568.944285017517,5,208.9442850175169,208.9442850175169
2026-2_Tags 1,Tags,1360.0,1542.7985022405708,6,182.79850224057077,182.79850224057077
2026-2_Tags 1,Tags,1360.0,1562.86995696065,7,202.86995696064992,202.86995696064992
2026-2_Tags 1,Tags,1360.0,1570.6250566915396,8,210.6250566915396,210.6250566915396
2026-2_Tags 1,Tags,1360.0,1573.292275597105,9,213.2922755971049,213.2922755971049
2026-2_Tags 1,Tags,1360.0,1578.716982217887,10,218.7169822178871,218.7169822178871
2026-2_Tags 1,Tags,1360.0,1579.5873229301485,11,219.5873229301485,219.5873229301485
2026-2_Tags 1,Tags,1360.0,1557.82008156305,12,197.82008156305005,197.82008156305005
2026-2_Tags 1,Tags,1360.0,1541.5714180979014,13,181.57141809790141,181.57141809790141
2026-2_Tags 1,Tags,1360.0,1533.8501871856984,14,173.85018718569836,173.85018718569836
2026-2_Tags 1,Tags,1360.0,1521.5430060760837,15,161.54300607608366,161.54300607608366
2026-2_Tags 1,Tags,1360.0,1521.884745717222,16,161.8847457172219,161.8847457172219
2026-2_Tags 1,Tags,1360.0,1539.80139891833,17,179.80139891833005,179.80139891833005
2026-2_Tags 1,Tags,1360.0,1539.7489884159618,18,179.74898841596178,179.74898841596178
2026-2_Tags 1,Tags,1360.0,1545.9513448819846,19,185.9513448819846,185.9513448819846
2026-2_Tags 1,Tags,1360.0,1511.782929956018,20,151.78292995601805,151.78292995601805
2026-2_Tags 1,Tags,1360.0,1518.097158340686,21,158.09715834068606,158.09715834068606
2026-2_Tags 2,Tags,1556.2800000000002,1607.9667253215202,1,51.68672532152004,51.68672532152004
2026-2_Tags 2,Tags,1556.2800000000002,1447.4443200789922,2,-108.83567992100802,108.83567992100802
2026-2_Tags 2,Tags,1556.2800000000002,1497.9170438131405,3,-58.36295618685972,58.36295618685972
2026-2_Tags 2,Tags,1556.2800000000002,1497.9170438131405,4,-58.36295618685972,58.36295618685972
2026-2_Tags 2,Tags,1556.2800000000002,1497.9170438131405,5,-58.36295618685972,58.36295618685972
2026-2_Tags 2,Tags,1556.2800000000002,1497.9170438131405,6,-58.36295618685972,58.36295618685972
2026-2_Tags 2,Tags,1556.2800000000002,1500.8486103530918,7,-55.43138964690843,55.43138964690843
2026-2_Tags 2,Tags,1556.2800000000002,1501.7809807561798,8,-54.499019243820385,54.499019243820385
2026-2_Tags 2,Tags,1556.2800000000002,1504.711748309186,9,-51.56825169081412,51.56825169081412
2026-2_Tags 2,Tags,1556.2800000000002,1504.711748309186,10,-51.56825169081412,51.56825169081412
2026-2_Tags 2,Tags,1556.2800000000002,1504.711748309186,11,-51.56825169081412,51.56825169081412
2026-2_Tags 2,Tags,1556.2800000000002,1504.711748309186,12,-51.56825169081412,51.56825169081412
2026-2_Tags 2,Tags,1556.2800000000002,1504.711748309186,13,-51.56825169081412,51.56825169081412
2026-2_Tags 2,Tags,1556.2800000000002,1504.711748309186,14,-51.56825169081412,51.56825169081412
2026-2_Tags 2,Tags,1556.2800000000002,1504.711748309186,15,-51.56825169081412,51.56825169081412
2026-2_Tags 2,Tags,1556.2800000000002,1504.711748309186,16,-51.56825169081412,51.56825169081412
2026-2_Tags 2,Tags,1556.2800000000002,1504.711748309186,17,-51.56825169081412,51.56825169081412
2026-2_Tags 2,Tags,1556.2800000000002,1504.711748309186,18,-51.56825169081412,51.56825169081412
2026-2_Tags 2,Tags,1556.2800000000002,1504.711748309186,19,-51.56825169081412,51.56825169081412
2026-2_Tags 2,Tags,1556.2800000000002,1504.711748309186,20,-51.56825169081412,51.56825169081412
2026-2_Tags 2,Tags,1556.2800000000002,1508.1506597709624,21,-48.12934022903778,48.12934022903778
2026-2_Tags 3,Tags,1564.0,1446.681495522623,1,-117.31850447737702,117.31850447737702
2026-2_Tags 3,Tags,1564.0,1475.5275434452572,2,-88.47245655474285,88.47245655474285
2026-2_Tags 3,Tags,1564.0,1464.0147766450143,3,-99.98522335498569,99.98522335498569
2026-2_Tags 3,Tags,1564.0,1444.2265360579418,4,-119.77346394205824,119.77346394205824
2026-2_Tags 3,Tags,1564.0,1511.55330029384,5,-52.44669970615996,52.44669970615996
2026-2_Tags 3,Tags,1564.0,1497.7566388403166,6,-66.24336115968345,66.24336115968345
2026-2_Tags 3,Tags,1564.0,1502.2135983076098,7,-61.7864016923902,61.7864016923902
2026-2_Tags 3,Tags,1564.0,1537.0560897048138,8,-26.943910295186242,26.943910295186242
2026-2_Tags 3,Tags,1564.0,1453.4384611535345,9,-110.56153884646551,110.56153884646551
2026-2_Tags 3,Tags,1564.0,1451.9352769032962,10,-112.0647230967038,112.0647230967038
2026-2_Tags 3,Tags,1564.0,1429.135776767302,11,-134.8642232326979,134.8642232326979
2026-2_Tags 3,Tags,1564.0,1429.135776767302,12,-134.8642232326979,134.8642232326979
2026-2_Tags 3,Tags,1564.0,1511.2572615923175,13,-52.74273840768251,52.74273840768251
2026-2_Tags 3,Tags,1564.0,1523.7561020311502,14,-40.24389796884975,40.24389796884975
2026-2_Tags 3,Tags,1564.0,1525.6892313844803,15,-38.31076861551969,38.31076861551969
2026-2_Tags 3,Tags,1564.0,1522.9236746555978,16,-41.07632534440222,41.07632534440222
2026-2_Tags 3,Tags,1564.0,1522.9236746555978,17,-41.07632534440222,41.07632534440222
2026-2_Tags 3,Tags,1564.0,1514.9400160282687,18,-49.0599839717313,49.0599839717313
2026-2_Tags 3,Tags,1564.0,1514.9400160282687,19,-49.0599839717313,49.0599839717313
2026-2_Tags 3,Tags,1564.0,1484.4428180518437,20,-79.55718194815631,79.55718194815631
2026-2_Tags 3,Tags,1564.0,1511.088621515691,21,-52.9113784843089,52.9113784843089
2026-3_Tags 1,Tags,1446.0,1482.0014525906613,1,36.0014525906613,36.0014525906613
2026-3_Tags 1,Tags,1446.0,1441.0935661357407,2,-4.90643386425927,4.90643386425927
2026-3_Tags 1,Tags,1446.0,1433.2439267158452,3,-12.756073284154809,12.756073284154809
2026-3_Tags 1,Tags,1446.0,1442.4606320364214,4,-3.53936796357857,3.53936796357857
2026-3_Tags 1,Tags,1446.0,1415.7311822735608,5,-30.268817726439238,30.268817726439238
2026-3_Tags 1,Tags,1446.0,1417.9325358718029,6,-28.067464128197116,28.067464128197116
2026-3_Tags 1,Tags,1446.0,1434.7726713635034,7,-11.227328636496622,11.227328636496622
2026-3_Tags 1,Tags,1446.0,1439.7406956760708,8,-6.2593043239292,6.2593043239292
2026-3_Tags 1,Tags,1446.0,1456.349400129708,9,10.349400129708101,10.349400129708101
2026-3_Tags 1,Tags,1446.0,1413.7475407105053,10,-32.25245928949471,32.25245928949471
2026-3_Tags 1,Tags,1446.0,1420.6362794475433,11,-25.363720552456698,25.363720552456698
2026-3_Tags 1,Tags,1446.0,1378.779324597021,12,-67.22067540297894,67.22067540297894
2026-3_Tags 1,Tags,1446.0,1376.303093480945,13,-69.69690651905489,69.69690651905489
2026-3_Tags 1,Tags,1446.0,1441.0254491289572,14,-4.974550871042766,4.974550871042766
2026-3_Tags 1,Tags,1446.0,1441.0318979013562,15,-4.96810209864384,4.96810209864384
2026-3_Tags 1,Tags,1446.0,1441.0488144558449,16,-4.951185544155123,4.951185544155123
2026-3_Tags 1,Tags,1446.0,1438.3325064914995,17,-7.667493508500456,7.667493508500456
2026-3_Tags 1,Tags,1446.0,1460.01807665452,18,14.018076654519973,14.018076654519973
2026-3_Tags 1,Tags,1446.0,1459.326768710053,19,13.326768710053102,13.326768710053102
2026-3_Tags 1,Tags,1446.0,1456.01538925549,20,10.015389255489936,10.015389255489936
2026-3_Tags 1,Tags,1446.0,1456.01538925549,21,10.015389255489936,10.015389255489936
2026-3_Tags 2,Tags,1440.0,1417.4890038951337,1,-22.510996104866308,22.510996104866308
2026-3_Tags 2,Tags,1440.0,1393.4186567934732,2,-46.58134320652675,46.58134320652675
2026-3_Tags 2,Tags,1440.0,1402.7547902289557,3,-37.2452097710443,37.2452097710443
2026-3_Tags 2,Tags,1440.0,1421.470963077632,4,-18.52903692236805,18.52903692236805
2026-3_Tags 2,Tags,1440.0,1415.0502412518506,5,-24.949758748149407,24.949758748149407
2026-3_Tags 2,Tags,1440.0,1396.1044789111677,6,-43.89552108883231,43.89552108883231
2026-3_Tags 2,Tags,1440.0,1433.3094286478868,7,-6.690571352113238,6.690571352113238
2026-3_Tags 2,Tags,1440.0,1405.1392439380213,8,-34.86075606197869,34.86075606197869
2026-3_Tags 2,Tags,1440.0,1348.7585289315289,9,-91.24147106847113,91.24147106847113
2026-3_Tags 2,Tags,1440.0,1334.424211883049,10,-105.57578811695089,105.57578811695089
2026-3_Tags 2,Tags,1440.0,1354.6482947879704,11,-85.35170521202963,85.35170521202963
2026-3_Tags 2,Tags,1440.0,1333.1625594882644,12,-106.83744051173562,106.83744051173562
2026-3_Tags 2,Tags,1440.0,1329.030457388075,13,-110.96954261192491,110.96954261192491
2026-3_Tags 2,Tags,1440.0,1423.301724552785,14,-16.69827544721511,16.69827544721511
2026-3_Tags 2,Tags,1440.0,1423.301724552785,15,-16.69827544721511,16.69827544721511
2026-3_Tags 2,Tags,1440.0,1423.301724552785,16,-16.69827544721511,16.69827544721511
2026-3_Tags 2,Tags,1440.0,1423.301724552785,17,-16.69827544721511,16.69827544721511
2026-3_Tags 2,Tags,1440.0,1464.5006843165436,18,24.500684316543584,24.500684316543584
2026-3_Tags 2,Tags,1440.0,1465.918425814274,19,25.918425814274087,25.918425814274087
2026-3_Tags 2,Tags,1440.0,1466.4670957110034,20,26.467095711003367,26.467095711003367
2026-3_Tags 2,Tags,1440.0,1473.4595248513856,21,33.459524851385595,33.459524851385595
2026-3_Tags 3,Tags,1517.0,1302.0571776310987,1,-214.94282236890126,214.94282236890126
2026-3_Tags 3,Tags,1517.0,1300.490361812636,2,-216.5096381873641,216.5096381873641
2026-3_Tags 3,Tags,1517.0,1298.7538378685076,3,-218.24616213149238,218.24616213149238
2026-3_Tags 3,Tags,1517.0,1279.8786715917252,4,-237.12132840827485,237.12132840827485
2026-3_Tags 3,Tags,1517.0,1265.7158826149082,5,-251.2841173850918,251.2841173850918
2026-3_Tags 3,Tags,1517.0,1274.0512773552143,6,-242.94872264478568,242.94872264478568
2026-3_Tags 3,Tags,1517.0,1261.5212083598335,7,-255.4787916401665,255.4787916401665
2026-3_Tags 3,Tags,1517.0,1220.4055189553403,8,-296.5944810446597,296.5944810446597
2026-3_Tags 3,Tags,1517.0,1249.5705068159302,9,-267.42949318406977,267.42949318406977
2026-3_Tags 3,Tags,1517.0,1261.8794796756356,10,-255.1205203243644,255.1205203243644
2026-3_Tags 3,Tags,1517.0,1275.980536820698,11,-241.01946317930197,241.01946317930197
2026-3_Tags 3,Tags,1517.0,1270.7443468924296,12,-246.25565310757042,246.25565310757042
2026-3_Tags 3,Tags,1517.0,1278.128937579604,13,-238.8710624203959,238.8710624203959
2026-3_Tags 3,Tags,1517.0,1315.22625825157,14,-201.77374174842998,201.77374174842998
2026-3_Tags 3,Tags,1517.0,1317.1550966559164,15,-199.8449033440836,199.8449033440836
2026-3_Tags 3,Tags,1517.0,1316.5260419374874,16,-200.47395806251257,200.47395806251257
2026-3_Tags 3,Tags,1517.0,1316.2787674660606,17,-200.72123253393943,200.72123253393943
2026-3_Tags 3,Tags,1517.0,1353.7971406768218,18,-163.20285932317825,163.20285932317825
2026-3_Tags 3,Tags,1517.0,1361.766029230666,19,-155.23397076933406,155.23397076933406
2026-3_Tags 3,Tags,1517.0,1373.3259028160687,20,-143.67409718393128,143.67409718393128
2026-3_Tags 3,Tags,1517.0,1366.5321277850408,21,-150.46787221495924,150.46787221495924
