cycle_id,building_id,start_date,end_date,beginning_inventory,ending_inventory,Mortality,Mortality Rate,final_recovery_rate,Total Feed,ending_weight_week5_kg,recovery_pct,1,2,3,4,5,6,day7,8,9,10,11,12,13,day14,day21,day28,day35,41,42,49
2025-2,Tags 1,2025-03-29,2025-05-16,6800,6411,389,0.0572058823529412,0.942794117647059,175,1.81,94.27941176470588,,,,,,,0.129,,,,,,,0.338,0.676,0.84,1.81,,,
2025-2,Tags 2,2025-03-29,2025-05-16,6800,6458,342,0.0502941176470588,0.949705882352941,173,1.81,94.97058823529412,,,,,,,0.129,,,,,,,0.341,0.694,0.84,1.81,,,
2025-2,Tags 3,2025-03-29,2025-05-16,6800,6498,302,0.0444117647058824,0.955588235294118,179,1.81,95.55882352941177,,,,,,,0.129,,,,,,,0.434,0.657,0.84,1.81,,,
2025-3,Lags 1,2025-07-10,2025-08-27,11224,10102,1122,0.0999643620812544,0.900035637918746,905,1.4799999999999998,90.00356379187456,,,,,,,0.10100000000000002,,,,,,,0.25549999999999995,0.461,0.8560000000000002,1.4799999999999998,,,
2025-3,Lags 2,2025-07-16,2025-09-02,11000,9987,1013,0.0920909090909091,0.907909090909091,837,1.81,90.79090909090908,,,,,,,0.098,,,,,,,0.21000000000000005,0.4280000000000001,0.4280000000000001,1.81,,,
2025-3,Tags 1,2025-06-14,2025-08-01,7105,6665,440,0.0619282195636875,0.938071780436312,541,1.47724,93.80717804363124,,,,,,,0.127,,,,,,,0.27758,0.60251,1.0468,1.47724,,,
2025-3,Tags 2,2025-06-14,2025-08-01,7152,6659,493,0.0689317673378076,0.931068232662192,512,1.49024,93.10682326621924,,,,,,,0.126,,,,,,,0.29556,0.5846699999999999,1.09464,1.49024,,,
2025-3,Tags 3,2025-06-14,2025-08-01,7127,6735,392,0.0550021046723727,0.944997895327627,534,1.5820999999999998,94.49978953276273,,,,,,,0.129,,,,,,,0.31623,0.54891,1.01144,1.5820999999999998,,,
2025-4,Lags 1,2025-09-27,2025-11-14,11185,10398,787,0.0703620920876174,0.929637907912383,941,1.568,92.96379079123827,,,,,,,0.10100000000000002,,,,,,,0.23500000000000004,0.585,1.12,1.568,,,
2025-4,Lags 2,2025-09-27,2025-11-14,11190,10448,742,0.0663092046470062,0.933690795352994,876,1.594,93.36907953529938,,,,,,,0.10100000000000002,,,,,,,0.24299999999999997,0.594,1.158,1.594,,,
2025-4,Tags 1,2025-08-27,2025-10-14,7151,6448,703,0.0983079289609845,0.901692071039016,544,1.4415,90.16920710390156,,,,,,,0.09029999999999998,,,,,,,0.2158,0.45986999999999995,0.7308199999999998,1.4415,,,
2025-4,Tags 2,2025-08-27,2025-10-14,7124,6570,554,0.0777653003930376,0.922234699606962,548,1.4500400000000002,92.22346996069624,,,,,,,0.09359999999999999,,,,,,,0.25549999999999995,0.5106200000000001,0.77018,1.4500400000000002,,,
2025-4,Tags 3,2025-08-27,2025-10-14,7151,6687,464,0.0648860299258845,0.935113970074116,549,1.29312,93.51139700741156,,,,,,,0.09029999999999998,,,,,,,0.25424,0.49456000000000006,0.79096,1.29312,,,
2025-5,Lags 1,2025-12-11,2026-01-28,11215,10347,868,0.0773963441818992,0.922603655818101,961,1.857,92.26036558181008,,,,,,,0.095,,,,,,,0.203,0.415,0.842,1.306,,1.857,
2025-5,Lags 2,2025-12-18,2026-02-04,11000,9961,1039,0.0944545454545454,0.905545454545454,954,1.176,90.55454545454545,,,,,,,0.091,,,,,,,0.155,0.67,0.674,1.176,,,
2025-5,Lags 3,2025-12-27,2026-02-13,11100,10233,867,0.0781081081081081,0.921891891891892,866,0.721,92.1891891891892,,,,,,,0.108,,,,,,,0.235,0.351,0.676,0.721,,,
2025-5,Tags 1,2025-11-12,2025-12-30,7104,6768,336,0.0472972972972973,0.952702702702703,585,1.702,95.27027027027027,,,,,,,0.108,,,,,,,0.235,0.462,1.082,1.702,,,
2025-5,Tags 2,2025-11-12,2025-12-30,7090,6770,320,0.0451339915373766,0.954866008462624,551,1.776,95.48660084626233,,,,,,,0.105,,,,,,,0.263,0.564,1.056,1.776,,,
2025-5,Tags 3,2025-11-12,2025-12-30,7118,6783,335,0.0470637819612251,0.952936218038775,530,1.738,95.2936218038775,,,,,,,0.106,,,,,,,0.251,0.6,1.075,1.738,,,
2026-1,Lags 1,2026-03-06,2026-04-23,11229,10199,1030,0.0917267788761243,0.908273221123876,855,1.6059999999999999,90.82732211238756,,,,,,,0.1035,,,,,,,0.29948,0.5429999999999999,1.022,1.606,,,
2026-1,Lags 2,2026-03-14,2026-05-01,11198,9753,1445,0.129040900160743,0.870959099839257,731,1.9720000000000002,87.09590998392571,,,,,,,0.1075,,,,,,,0.375,0.819,1.42,1.972,,,
2026-1,Lags 3,2026-03-21,2026-05-08,11209,10196,1013,0.0903738067624231,0.909626193237577,831,,90.96261932375769,,,,,,,0.1015,,,,,,,0.2095,0.4270000000000001,0.942,1.6914399999999998,,,
2026-1,Tags 1,2026-01-31,2026-03-20,7115,6646,469,0.0659170765987351,0.934082923401265,563,1.44668,93.4082923401265,,,,,,,0.12371,,,,,,,0.32496,0.6706799999999999,1.11148,1.44668,,,
2026-1,Tags 2,2026-01-31,2026-03-20,7121,6637,484,0.0679679820249965,0.932032017975004,549,1.55016,93.20320179750034,,,,,,,0.12499,,,,,,,0.28099999999999997,0.7122799999999999,1.09396,1.55016,,,
2026-1,Tags 3,2026-01-31,2026-03-20,7127,6665,462,0.0648239090781535,0.935176090921846,581,1.6914399999999998,93.51760909218466,,,,,,,0.12003,,,,,,,0.29948,0.6982399999999999,1.09072,1.6914399999999998,,,
2026-2,Lags 1,2026-06-02,2026-07-20,11190,10216,974,0.0870420017873101,0.91295799821269,500,,91.29579982126899,,,0.065,0.07,0.08750000000000002,0.09799999999999999,0.1015,0.11100000000000002,0.12,0.128,0.146,0.17099999999999999,0.18250000000000002,0.2095,0.33299999999999996,0.59,1.192,1.79,1.79,
2026-2,Lags 2,2026-06-10,2026-07-28,11190,10107,1083,0.0967828418230563,0.903217158176944,275,,90.32171581769437,0.047,0.0525,0.063,0.073,0.08249999999999998,0.0875,0.1015,0.105,0.11699999999999999,0.127,0.13699999999999998,0.1525,0.1625,0.1725,0.315,0.6679999999999999,1.204,,1.777,
2026-2,Lags 3,2026-06-16,2026-08-03,11217,9279,1938,0.172773468841936,0.827226531158064,126,,82.72265311580637,0.04500000000000001,0.05,0.05499999999999999,0.062,0.07,0.075,0.07350000000000001,0.077,0.086,0.09100000000000001,0.10099999999999999,0.1125,0.125,0.13699999999999998,0.246,0.4960000000000001,1.078,,1.843,2.3139999999999996
2026-2,Tags 1,2026-04-19,2026-06-06,7403,6609,794,0.107253816020532,0.892746183979468,546,,89.27461839794678,,,,,,,0.11474,,,,,,,0.24276,0.5764,1.0046000000000002,1.36,,,
2026-2,Tags 2,2026-04-19,2026-06-06,7420,6560,860,0.115902964959569,0.884097035040431,522,,88.40970350404312,,,,,,,0.10828,,,,,,,0.23683999999999997,0.58288,1.0201,1.55628,,,
2026-2,Tags 3,2026-04-19,2026-06-06,7390,6637,753,0.101894451962111,0.898105548037889,566,,89.8105548037889,,,,,,,0.10862,,,,,,,0.24139,0.5640000000000001,1.00504,1.564,,,
